time_s,ppg
0.000,-0.49191
0.008,1.56389
0.016,3.78490
0.024,6.11513
0.032,8.48884
0.040,10.83414
0.048,13.07743
0.056,15.14813
0.064,16.98330
0.072,18.53168
0.080,19.75687
0.088,20.63914
0.096,21.17600
0.104,21.38134
0.112,21.28346
0.120,20.92213
0.128,20.34499
0.136,19.60364
0.144,18.74975
0.152,17.83136
0.160,16.88989
0.168,15.95780
0.176,15.05736
0.184,14.20023
0.192,13.38812
0.200,12.61423
0.208,11.86527
0.216,11.12390
0.224,10.37125
0.232,9.58931
0.240,8.76321
0.248,7.88307
0.256,6.94553
0.264,5.95470
0.272,4.92246
0.280,3.86801
0.288,2.81667
0.296,1.79788
0.304,0.84276
0.312,-0.01864
0.320,-0.76002
0.328,-1.36125
0.336,-1.81012
0.344,-2.10353
0.352,-2.24784
0.360,-2.25847
0.368,-2.15875
0.376,-1.97805
0.384,-1.74942
0.392,-1.50699
0.400,-1.28340
0.408,-1.10752
0.416,-1.00267
0.424,-0.98544
0.432,-1.06518
0.440,-1.24405
0.448,-1.51762
0.456,-1.87588
0.464,-2.30453
0.472,-2.78651
0.480,-3.30362
0.488,-3.83822
0.496,-4.37460
0.504,-4.90003
0.512,-5.40534
0.520,-5.88494
0.528,-6.33648
0.536,-6.76018
0.544,-7.15796
0.552,-7.53254
0.560,-7.88663
0.568,-8.22230
0.576,-8.54063
0.584,-8.84161
0.592,-9.12430
0.600,-9.38717
0.608,-9.62855
0.616,-9.84706
0.624,-10.04200
0.632,-10.21359
0.640,-10.36298
0.648,-10.49210
0.656,-10.60325
0.664,-10.69869
0.672,-10.78017
0.680,-10.84867
0.688,-10.90425
0.696,-10.94620
0.704,-10.97331
0.712,-10.98432
0.720,-10.97825
0.728,-10.95468
0.736,-10.91387
0.744,-10.85672
0.752,-10.78467
0.760,-10.69969
0.768,-10.60425
0.776,-10.50144
0.784,-10.39512
0.792,-10.28988
0.800,-10.19083
0.808,-10.10304
0.816,-10.03072
0.824,-9.97608
0.832,-9.93818
0.840,-9.91183
0.848,-9.88675
0.856,-9.84708
0.864,-9.77130
0.872,-9.63260
0.880,-9.39975
0.888,-9.03851
0.896,-8.51345
0.904,-7.79037
0.912,-6.83906
0.920,-5.63621
0.928,-4.16843
0.936,-2.43493
0.944,-0.44951
0.952,1.75826
0.960,4.14312
0.968,6.64564
0.976,9.19506
0.984,11.71347
0.992,14.12074
1.000,16.33996
1.008,18.30270
1.016,19.95364
1.024,21.25423
1.032,22.18487
1.040,22.74562
1.048,22.95531
1.056,22.84929
1.064,22.47611
1.072,21.89332
1.080,21.16286
1.088,20.34624
1.096,19.50004
1.104,18.67191
1.112,17.89765
1.120,17.19934
1.128,16.58489
1.136,16.04897
1.144,15.57513
1.152,15.13901
1.160,14.71205
1.168,14.26535
1.176,13.77325
1.184,13.21624
1.192,12.58302
1.200,11.87144
1.208,11.08864
1.216,10.25007
1.224,9.37788
1.232,8.49869
1.240,7.64108
1.248,6.83291
1.256,6.09884
1.264,5.45824
1.272,4.92357
1.280,4.49942
1.288,4.18218
1.296,3.96057
1.304,3.81663
1.312,3.72758
1.320,3.66786
1.328,3.61155
1.336,3.53465
1.344,3.41700
1.352,3.24371
1.360,3.00587
1.368,2.70067
1.376,2.33080
1.384,1.90358
1.392,1.42961
1.400,0.92145
1.408,0.39202
1.416,-0.14676
1.424,-0.68531
1.432,-1.21758
1.440,-1.74180
1.448,-2.26098
1.456,-2.78292
1.464,-3.31972
1.472,-3.88679
1.480,-4.50142
1.488,-5.18113
1.496,-5.94175
1.504,-6.79578
1.512,-7.75075
1.520,-8.80812
1.528,-9.96259
1.536,-11.20193
1.544,-12.50742
1.552,-13.85478
1.560,-15.21566
1.568,-16.55934
1.576,-17.85476
1.584,-19.07254
1.592,-20.18674
1.600,-21.17634
1.608,-22.02614
1.616,-22.72705
1.624,-23.27590
1.632,-23.67470
1.640,-23.92972
1.648,-24.05038
1.656,-24.04829
1.664,-23.93643
1.672,-23.72865
1.680,-23.43927
1.688,-23.08301
1.696,-22.67475
1.704,-22.22935
1.712,-21.76109
1.720,-21.28286
1.728,-20.80521
1.736,-20.33506
1.744,-19.87457
1.752,-19.42002
1.760,-18.96121
1.768,-18.48127
1.776,-17.95720
1.784,-17.36114
1.792,-16.66222
1.800,-15.82876
1.808,-14.83086
1.816,-13.64279
1.824,-12.24536
1.832,-10.62796
1.840,-8.79018
1.848,-6.74293
1.856,-4.50889
1.864,-2.12227
1.872,0.37235
1.880,2.92191
1.888,5.46754
1.896,7.94762
1.904,10.30112
1.912,12.47107
1.920,14.40764
1.928,16.07097
1.936,17.43328
1.944,18.48031
1.952,19.21185
1.960,19.64147
1.968,19.79526
1.976,19.70980
1.984,19.42938
1.992,19.00266
2.000,18.47910
2.008,17.90536
2.016,17.32209
2.024,16.76145
2.032,16.24559
2.040,15.78625
2.048,15.38547
2.056,15.03720
2.064,14.72957
2.072,14.44744
2.080,14.17504
2.088,13.89829
2.096,13.60689
2.104,13.29575
2.112,12.96599
2.120,12.62522
2.128,12.28722
2.136,11.97096
2.144,11.69897
2.152,11.49529
2.160,11.38313
2.168,11.38243
2.176,11.50771
2.184,11.76618
2.192,12.15648
2.200,12.66791
2.208,13.28046
2.216,13.96537
2.224,14.68639
2.232,15.40156
2.240,16.06549
2.248,16.63191
2.256,17.05649
2.264,17.29967
2.272,17.32927
2.280,17.12270
2.288,16.66859
2.296,15.96776
2.304,15.03329
2.312,13.88978
2.320,12.57187
2.328,11.12203
2.336,9.58797
2.344,8.01964
2.352,6.46628
2.360,4.97336
2.368,3.58000
2.376,2.31670
2.384,1.20370
2.392,0.25010
2.400,-0.54626
2.408,-1.19804
2.416,-1.72687
2.424,-2.16117
2.432,-2.53344
2.440,-2.87737
2.448,-3.22481
2.456,-3.60302
2.464,-4.03227
2.472,-4.52424
2.480,-5.08120
2.488,-5.69635
2.496,-6.35499
2.504,-7.03656
2.512,-7.71712
2.520,-8.37196
2.528,-8.97798
2.536,-9.51567
2.544,-9.97052
2.552,-10.33385
2.560,-10.60311
2.568,-10.78156
2.576,-10.87758
2.584,-10.90357
2.592,-10.87461
2.600,-10.80698
2.608,-10.71672
2.616,-10.61816
2.624,-10.52270
2.632,-10.43778
2.640,-10.36625
2.648,-10.30608
2.656,-10.25049
2.664,-10.18845
2.672,-10.10554
2.680,-9.98503
2.688,-9.80920
2.696,-9.56069
2.704,-9.22379
2.712,-8.78575
2.720,-8.23790
2.728,-7.57671
2.736,-6.80458
2.744,-5.93050
2.752,-4.97026
2.760,-3.94629
2.768,-2.88684
2.776,-1.82455
2.784,-0.79448
2.792,0.16830
2.800,1.03124
2.808,1.76676
2.816,2.35420
2.824,2.78116
2.832,3.04404
2.840,3.14782
2.848,3.10519
2.856,2.93517
2.864,2.66152
2.872,2.31084
2.880,1.91071
2.888,1.48774
2.896,1.06591
2.904,0.66501
2.912,0.29963
2.920,-0.02147
2.928,-0.29553
2.936,-0.52554
2.944,-0.71951
2.952,-0.88950
2.960,-1.05031
2.968,-1.21803
2.976,-1.40836
2.984,-1.63495
2.992,-1.90777
3.000,-2.23176
3.008,-2.60590
3.016,-3.02276
3.024,-3.46877
3.032,-3.92512
3.040,-4.36920
3.048,-4.77657
3.056,-5.12303
3.064,-5.38686
3.072,-5.55082
3.080,-5.60382
3.088,-5.54217
3.096,-5.37017
3.104,-5.10004
3.112,-4.75110
3.120,-4.34820
3.128,-3.91970
3.136,-3.49499
3.144,-3.10196
3.152,-2.76472
3.160,-2.50171
3.168,-2.32461
3.176,-2.23798
3.184,-2.23964
3.192,-2.32171
3.200,-2.47202
3.208,-2.67568
3.216,-2.91673
3.224,-3.17957
3.232,-3.45009
3.240,-3.71655
3.248,-3.97004
3.256,-4.20459
3.264,-4.41704
3.272,-4.60651
3.280,-4.77388
3.288,-4.92102
3.296,-5.05007
3.304,-5.16291
3.312,-5.26072
3.320,-5.34377
3.328,-5.41148
3.336,-5.46258
3.344,-5.49550
3.352,-5.50868
3.360,-5.50105
3.368,-5.47232
3.376,-5.42336
3.384,-5.35633
3.392,-5.27483
3.400,-5.18378
3.408,-5.08917
3.416,-4.99764
3.424,-4.91593
3.432,-4.85024
3.440,-4.80562
3.448,-4.78548
3.456,-4.79119
3.464,-4.82199
3.472,-4.87512
3.480,-4.94617
3.488,-5.02962
3.496,-5.11925
3.504,-5.20843
3.512,-5.29003
3.520,-5.35606
3.528,-5.39693
3.536,-5.40064
3.544,-5.35191
3.552,-5.23158
3.560,-5.01643
3.568,-4.67952
3.576,-4.19136
3.584,-3.52175
3.592,-2.64249
3.600,-1.53055
3.608,-0.17143
3.616,1.43769
3.624,3.28556
3.632,5.34563
3.640,7.57606
3.648,9.92135
3.656,12.31511
3.664,14.68407
3.672,16.95272
3.680,19.04833
3.688,20.90587
3.696,22.47220
3.704,23.70934
3.712,24.59634
3.720,25.12980
3.728,25.32301
3.736,25.20403
3.744,24.81260
3.752,24.19648
3.760,23.40743
3.768,22.49706
3.776,21.51315
3.784,20.49652
3.792,19.47877
3.800,18.48097
3.808,17.51347
3.816,16.57660
3.824,15.66232
3.832,14.75641
3.840,13.84118
3.848,12.89827
3.856,11.91146
3.864,10.86910
3.872,9.76610
3.880,8.60529
3.888,7.39793
3.896,6.16337
3.904,4.92784
3.912,3.72233
3.920,2.57982
3.928,1.53215
3.936,0.60677
3.944,-0.17607
3.952,-0.80552
3.960,-1.28126
3.968,-1.61350
3.976,-1.82186
3.984,-1.93327
3.992,-1.97927
4.000,-1.99300
4.008,-2.00628
4.016,-2.04710
4.024,-2.13775
4.032,-2.29368
4.040,-2.52310
4.048,-2.82729
4.056,-3.20129
4.064,-3.63515
4.072,-4.11537
4.080,-4.62639
4.088,-5.15210
4.096,-5.67715
4.104,-6.18797
4.112,-6.67348
4.120,-7.12552
4.128,-7.53890
4.136,-7.91123
4.144,-8.24251
4.152,-8.53461
4.160,-8.79063
4.168,-9.01442
4.176,-9.21014
4.184,-9.38192
4.192,-9.53370
4.200,-9.66911
4.208,-9.79136
4.216,-9.90317
4.224,-10.00664
4.232,-10.10316
4.240,-10.19339
4.248,-10.27725
4.256,-10.35398
4.264,-10.42234
4.272,-10.48094
4.280,-10.52853
4.288,-10.56442
4.296,-10.58872
4.304,-10.60254
4.312,-10.60814
4.320,-10.60886
4.328,-10.60897
4.336,-10.61327
4.344,-10.62650
4.352,-10.65254
4.360,-10.69336
4.368,-10.74794
4.376,-10.81118
4.384,-10.87289
4.392,-10.91719
4.400,-10.92225
4.408,-10.86076
4.416,-10.70094
4.424,-10.40832
4.432,-9.94801
4.440,-9.28739
4.448,-8.39902
4.456,-7.26350
4.464,-5.87214
4.472,-4.22903
4.480,-2.35242
4.488,-0.27502
4.496,1.95677
4.504,4.28481
4.512,6.64229
4.520,8.95763
4.528,11.15889
4.536,13.17839
4.544,14.95701
4.552,16.44792
4.560,17.61938
4.568,18.45633
4.576,18.96080
4.584,19.15093
4.592,19.05896
4.600,18.72798
4.608,18.20812
4.616,17.55210
4.624,16.81078
4.632,16.02909
4.640,15.24268
4.648,14.47554
4.656,13.73900
4.664,13.03205
4.672,12.34300
4.680,11.65229
4.688,10.93616
4.696,10.17060
4.704,9.33529
4.712,8.41693
4.720,7.41165
4.728,6.32622
4.736,5.17801
4.744,3.99371
4.752,2.80697
4.760,1.65537
4.768,0.57692
4.776,-0.39335
4.784,-1.22654
4.792,-1.90242
4.800,-2.41107
4.808,-2.75367
4.816,-2.94222
4.824,-2.99832
4.832,-2.95113
4.840,-2.83477
4.848,-2.68528
4.856,-2.53761
4.864,-2.42281
4.872,-2.36582
4.880,-2.38402
4.888,-2.48666
4.896,-2.67512
4.904,-2.94397
4.912,-3.28258
4.920,-3.67692
4.928,-4.11137
4.936,-4.57028
4.944,-5.03919
4.952,-5.50553
4.960,-5.95903
4.968,-6.39189
4.976,-6.79869
4.984,-7.17635
4.992,-7.52393
5.000,-7.84239
5.008,-8.13417
5.016,-8.40266
5.024,-8.65167
5.032,-8.88485
5.040,-9.10529
5.048,-9.31516
5.056,-9.51559
5.064,-9.70672
5.072,-9.88780
5.080,-10.05748
5.088,-10.21407
5.096,-10.35583
5.104,-10.48121
5.112,-10.58898
5.120,-10.67817
5.128,-10.74809
5.136,-10.79829
5.144,-10.82867
5.152,-10.83969
5.160,-10.83260
5.168,-10.80967
5.176,-10.77414
5.184,-10.72992
5.192,-10.68096
5.200,-10.63030
5.208,-10.57901
5.216,-10.52498
5.224,-10.46191
5.232,-10.37838
5.240,-10.25736
5.248,-10.07626
5.256,-9.80745
5.264,-9.41960
5.272,-8.87956
5.280,-8.15498
5.288,-7.21721
5.296,-6.04449
5.304,-4.62495
5.312,-2.95922
5.320,-1.06224
5.328,1.03598
5.336,3.29087
5.344,5.64517
5.352,8.03209
5.360,10.37947
5.368,12.61451
5.376,14.66876
5.384,16.48269
5.392,18.00969
5.400,19.21880
5.408,20.09627
5.416,20.64559
5.424,20.88621
5.432,20.85097
5.440,20.58267
5.448,20.12995
5.456,19.54300
5.464,18.86942
5.472,18.15070
5.480,17.41944
5.488,16.69764
5.496,15.99611
5.504,15.31491
5.512,14.64496
5.520,13.97031
5.528,13.27112
5.536,12.52684
5.544,11.71943
5.552,10.83619
5.560,9.87194
5.568,8.83031
5.576,7.72399
5.584,6.57407
5.592,5.40840
5.600,4.25936
5.608,3.16101
5.616,2.14611
5.624,1.24325
5.632,0.47434
5.640,-0.14718
5.648,-0.61722
5.656,-0.94118
5.664,-1.13308
5.672,-1.21413
5.680,-1.21086
5.688,-1.15290
5.696,-1.07091
5.704,-0.99457
5.712,-0.95096
5.720,-0.96320
5.728,-1.04944
5.736,-1.22219
5.744,-1.48795
5.752,-1.84714
5.760,-2.29432
5.768,-2.81875
5.776,-3.40525
5.784,-4.03528
5.792,-4.68832
5.800,-5.34337
5.808,-5.98043
5.816,-6.58206
5.824,-7.13447
5.832,-7.62841
5.840,-8.05937
5.848,-8.42745
5.856,-8.73666
5.864,-8.99393
5.872,-9.20784
5.880,-9.38740
5.888,-9.54093
5.896,-9.67531
5.904,-9.79560
5.912,-9.90509
5.920,-10.00561
5.928,-10.09806
5.936,-10.18300
5.944,-10.26108
5.952,-10.33346
5.960,-10.40193
5.968,-10.46891
5.976,-10.53720
5.984,-10.60966
5.992,-10.68870
6.000,-10.77581
6.008,-10.87107
6.016,-10.97271
6.024,-11.07678
6.032,-11.17687
6.040,-11.26390
6.048,-11.32596
6.056,-11.34823
6.064,-11.31283
6.072,-11.19896
6.080,-10.98308
6.088,-10.63951
6.096,-10.14133
6.104,-9.46179
6.112,-8.57617
6.120,-7.46417
6.128,-6.11245
6.136,-4.51737
6.144,-2.68718
6.152,-0.64363
6.160,1.57755
6.168,3.92744
6.176,6.34601
6.184,8.76552
6.192,11.11475
6.200,13.32371
6.208,15.32835
6.216,17.07487
6.224,18.52316
6.232,19.64911
6.240,20.44571
6.248,20.92259
6.256,21.10430
6.264,21.02730
6.272,20.73594
6.280,20.27796
6.288,19.69985
6.296,19.04277
6.304,18.33941
6.312,17.61217
6.320,16.87269
6.328,16.12264
6.336,15.35550
6.344,14.55911
6.352,13.71848
6.360,12.81874
6.368,11.84802
6.376,10.79975
6.384,9.67455
6.392,8.48127
6.400,7.23724
6.408,5.96748
6.416,4.70307
6.424,3.47868
6.432,2.32965
6.440,1.28876
6.448,0.38328
6.456,-0.36761
6.464,-0.95452
6.472,-1.37858
6.480,-1.65122
6.488,-1.79299
6.496,-1.83168
6.504,-1.79991
6.512,-1.73250
6.520,-1.66374
6.528,-1.62492
6.536,-1.64221
6.544,-1.73527
6.552,-1.91640
6.560,-2.19058
6.568,-2.55598
6.576,-3.00503
6.584,-3.52572
6.592,-4.10294
6.600,-4.71975
6.608,-5.35859
6.616,-6.00213
6.624,-6.63411
6.632,-7.24000
6.640,-7.80760
6.648,-8.32756
6.656,-8.79368
6.664,-9.20306
6.672,-9.55597
6.680,-9.85551
6.688,-10.10698
6.696,-10.31721
6.704,-10.49374
6.712,-10.64421
6.720,-10.77583
6.728,-10.89504
6.736,-11.00731
6.744,-11.11698
6.752,-11.22704
6.760,-11.33893
6.768,-11.45233
6.776,-11.56504
6.784,-11.67306
6.792,-11.77079
6.800,-11.85158
6.808,-11.90836
6.816,-11.93442
6.824,-11.92412
6.832,-11.87343
6.840,-11.78009
6.848,-11.64352
6.856,-11.46423
6.864,-11.24293
6.872,-10.97936
6.880,-10.67109
6.888,-10.31236
6.896,-9.89328
6.904,-9.39942
6.912,-8.81219
6.920,-8.10975
6.928,-7.26876
6.936,-6.26657
6.944,-5.08395
6.952,-3.70788
6.960,-2.13431
6.968,-0.37047
6.976,1.56353
6.984,3.63418
6.992,5.79523
7.000,7.98977
7.008,10.15344
7.016,12.21872
7.024,14.11975
7.032,15.79731
7.040,17.20340
7.048,18.30490
7.056,19.08593
7.064,19.54859
7.072,19.71205
7.080,19.60995
7.088,19.28652
7.096,18.79183
7.104,18.17668
7.112,17.48780
7.120,16.76369
7.128,16.03182
7.136,15.30732
7.144,14.59316
7.152,13.88190
7.160,13.15839
7.168,12.40326
7.176,11.59669
7.184,10.72200
7.192,9.76876
7.200,8.73493
7.208,7.62804
7.216,6.46502
7.224,5.27112
7.232,4.07771
7.240,2.91953
7.248,1.83149
7.256,0.84555
7.264,-0.01203
7.272,-0.72285
7.280,-1.27764
7.288,-1.67661
7.296,-1.92905
7.304,-2.05218
7.312,-2.06955
7.320,-2.00918
7.328,-1.90176
7.336,-1.77888
7.344,-1.67132
7.352,-1.60757
7.360,-1.61245
7.368,-1.70575
7.376,-1.90110
7.384,-2.20507
7.392,-2.61668
7.400,-3.12743
7.408,-3.72185
7.416,-4.37876
7.424,-5.07294
7.432,-5.77730
7.440,-6.46513
7.448,-7.11235
7.456,-7.69931
7.464,-8.21211
7.472,-8.64321
7.480,-8.99137
7.488,-9.26101
7.496,-9.46117
7.504,-9.60416
7.512,-9.70409
7.520,-9.77538
7.528,-9.83151
7.536,-9.88390
7.544,-9.94118
7.552,-10.00873
7.560,-10.08868
7.568,-10.18015
7.576,-10.27972
7.584,-10.38211
7.592,-10.48081
7.600,-10.56877
7.608,-10.63904
7.616,-10.68540
7.624,-10.70289
7.632,-10.68821
7.640,-10.63983
7.648,-10.55782
7.656,-10.44333
7.664,-10.29773
7.672,-10.12154
7.680,-9.91316
7.688,-9.66755
7.696,-9.37509
7.704,-9.02078
7.712,-8.58403
7.720,-8.03921
7.728,-7.35698
7.736,-6.50657
7.744,-5.45859
7.752,-4.18842
7.760,-2.67970
7.768,-0.92762
7.776,1.05853
7.784,3.25376
7.792,5.61717
7.800,8.09324
7.808,10.61462
7.816,13.10626
7.824,15.49057
7.832,17.69291
7.840,19.64705
7.848,21.29998
7.856,22.61549
7.864,23.57640
7.872,24.18500
7.880,24.46169
7.888,24.44201
7.896,24.17242
7.904,23.70515
7.912,23.09277
7.920,22.38304
7.928,21.61453
7.936,20.81341
7.944,19.99196
7.952,19.14864
7.960,18.26994
7.968,17.33347
7.976,16.31208
7.984,15.17844
7.992,13.90954
8.000,12.49060
8.008,10.91809
8.016,9.20140
8.024,7.36332
8.032,5.43894
8.040,3.47358
8.048,1.51952
8.056,-0.36774
8.064,-2.13359
8.072,-3.72828
8.080,-5.11054
8.088,-6.25043
8.096,-7.13132
8.104,-7.75079
8.112,-8.12048
8.120,-8.26491
8.128,-8.21950
8.136,-8.02795
8.144,-7.73926
8.152,-7.40450
8.160,-7.07363
8.168,-6.79235
8.176,-6.59941
8.184,-6.52434
8.192,-6.58596
8.200,-6.79168
8.208,-7.13781
8.216,-7.61052
8.224,-8.18765
8.232,-8.84076
8.240,-9.53761
8.248,-10.24450
8.256,-10.92871
8.264,-11.56064
8.272,-12.11566
8.280,-12.57549
8.288,-12.92904
8.296,-13.17262
8.304,-13.30959
8.312,-13.34943
8.320,-13.30644
8.328,-13.19804
8.336,-13.04299
8.344,-12.85977
8.352,-12.66500
8.360,-12.47237
8.368,-12.29189
8.376,-12.12955
8.384,-11.98745
8.392,-11.86434
8.400,-11.75642
8.408,-11.65837
8.416,-11.56449
8.424,-11.46962
8.432,-11.36991
8.440,-11.26315
8.448,-11.14871
8.456,-11.02710
8.464,-10.89923
8.472,-10.76530
8.480,-10.62372
8.488,-10.46981
8.496,-10.29467
8.504,-10.08427
8.512,-9.81887
8.520,-9.47314
8.528,-9.01694
8.536,-8.41688
8.544,-7.63866
8.552,-6.65010
8.560,-5.42446
8.568,-3.94406
8.576,-2.20350
8.584,-0.21232
8.592,2.00345
8.600,4.40121
8.608,6.92334
8.616,9.50033
8.624,12.05536
8.632,14.50969
8.640,16.78846
8.648,18.82608
8.656,20.57083
8.664,21.98803
8.672,23.06165
8.680,23.79409
8.688,24.20440
8.696,24.32510
8.704,24.19792
8.712,23.86926
8.720,23.38546
8.728,22.78878
8.736,22.11421
8.744,21.38732
8.752,20.62336
8.760,19.82736
8.768,18.99525
8.776,18.11586
8.784,17.17351
8.792,16.15120
8.800,15.03388
8.808,13.81167
8.816,12.48252
8.824,11.05412
8.832,9.54476
8.840,7.98298
8.848,6.40603
8.856,4.85728
8.864,3.38291
8.872,2.02806
8.880,0.83303
8.888,-0.17022
8.896,-0.96077
8.904,-1.53050
8.912,-1.88457
8.920,-2.04080
8.928,-2.02802
8.936,-1.88352
8.944,-1.65002
8.952,-1.37231
8.960,-1.09404
8.968,-0.85477
8.976,-0.68776
8.984,-0.61842
8.992,-0.66376
9.000,-0.83264
9.008,-1.12669
9.016,-1.54160
9.024,-2.06858
9.032,-2.69561
9.040,-3.40851
9.048,-4.19160
9.056,-5.02838
9.064,-5.90191
9.072,-6.79541
9.080,-7.69272
9.088,-8.57876
9.096,-9.43987
9.104,-10.26384
9.112,-11.03981
9.120,-11.75788
9.128,-12.40880
9.136,-12.98371
9.144,-13.47415
9.152,-13.87228
9.160,-14.17149
9.168,-14.36706
9.176,-14.45694
9.184,-14.44249
9.192,-14.32912
9.200,-14.12672
9.208,-13.84986
9.216,-13.51757
9.224,-13.15278
9.232,-12.78123
9.240,-12.42991
9.248,-12.12508
9.256,-11.88999
9.264,-11.74241
9.272,-11.69238
9.280,-11.74028
9.288,-11.87560
9.296,-12.07652
9.304,-12.31048
9.312,-12.53563
9.320,-12.70306
9.328,-12.75969
9.336,-12.65156
9.344,-12.32737
9.352,-11.74207
9.360,-10.86034
9.368,-9.65971
9.376,-8.13312
9.384,-6.29083
9.392,-4.16123
9.400,-1.79065
9.408,0.75821
9.416,3.40904
9.424,6.07589
9.432,8.66800
9.440,11.09534
9.448,13.27436
9.456,15.13365
9.464,16.61885
9.472,17.69655
9.480,18.35667
9.488,18.61318
9.496,18.50311
9.504,18.08393
9.512,17.42946
9.520,16.62459
9.528,15.75932
9.536,14.92250
9.544,14.19568
9.552,13.64749
9.560,13.32884
9.568,13.26943
9.576,13.47564
9.584,13.93007
9.592,14.59272
9.600,15.40389
9.608,16.28840
9.616,17.16121
9.624,17.93361
9.632,18.51984
9.640,18.84328
9.648,18.84190
9.656,18.47250
9.664,17.71334
9.672,16.56516
9.680,15.05042
9.688,13.21116
9.696,11.10555
9.704,8.80344
9.712,6.38155
9.720,3.91836
9.728,1.48953
9.736,-0.83615
9.744,-2.99978
9.752,-4.95451
9.760,-6.66655
9.768,-8.11530
9.776,-9.29265
9.784,-10.20147
9.792,-10.85380
9.800,-11.26862
9.808,-11.46954
9.816,-11.48258
9.824,-11.33410
9.832,-11.04917
9.840,-10.65026
9.848,-10.15644
9.856,-9.58312
9.864,-8.94227
9.872,-8.24321
9.880,-7.49378
9.888,-6.70186
9.896,-5.87691
9.904,-5.03138
9.912,-4.18159
9.920,-3.34808
9.928,-2.55518
9.936,-1.82986
9.944,-1.20008
9.952,-0.69265
9.960,-0.33111
9.968,-0.13374
9.976,-0.11204
9.984,-0.26988
9.992,-0.60334
10.000,-1.10127
10.008,-1.74646
10.016,-2.51732
10.024,-3.38989
10.032,-4.33992
10.040,-5.34485
10.048,-6.38546
10.056,-7.44699
10.064,-8.51958
10.072,-9.59784
10.080,-10.67971
10.088,-11.76452
10.096,-12.85058
10.104,-13.93249
10.112,-14.99871
10.120,-16.02944
10.128,-16.99545
10.136,-17.85789
10.144,-18.56922
10.152,-19.07537
10.160,-19.31894
10.168,-19.24339
10.176,-18.79764
10.184,-17.94098
10.192,-16.64758
10.200,-14.91028
10.208,-12.74321
10.216,-10.18283
10.224,-7.28744
10.232,-4.13489
10.240,-0.81868
10.248,2.55728
10.256,5.88499
10.264,9.05912
10.272,11.98366
10.280,14.57782
10.288,16.78069
10.296,18.55425
10.304,19.88444
10.312,20.78032
10.320,21.27152
10.328,21.40418
10.336,21.23587
10.344,20.82996
10.352,20.24988
10.360,19.55400
10.368,18.79148
10.376,17.99936
10.384,17.20135
10.392,16.40795
10.400,15.61804
10.408,14.82149
10.416,14.00249
10.424,13.14310
10.432,12.22686
10.440,11.24197
10.448,10.18377
10.456,9.05636
10.464,7.87322
10.472,6.65660
10.480,5.43585
10.488,4.24484
10.496,3.11866
10.504,2.09011
10.512,1.18622
10.520,0.42536
10.528,-0.18482
10.536,-0.64835
10.544,-0.98076
10.552,-1.20770
10.560,-1.36266
10.568,-1.48396
10.576,-1.61147
10.584,-1.78316
10.592,-2.03207
10.600,-2.38362
10.608,-2.85382
10.616,-3.44809
10.624,-4.16106
10.632,-4.97725
10.640,-5.87252
10.648,-6.81633
10.656,-7.77441
10.664,-8.71174
10.672,-9.59548
10.680,-10.39750
10.688,-11.09641
10.696,-11.67884
10.704,-12.13976
10.712,-12.48211
10.720,-12.71572
10.728,-12.85564
10.736,-12.92043
10.744,-12.93015
10.752,-12.90466
10.760,-12.86202
10.768,-12.81733
10.776,-12.78191
10.784,-12.76295
10.792,-12.76342
10.800,-12.78242
10.808,-12.81578
10.816,-12.85685
10.824,-12.89743
10.832,-12.92873
10.840,-12.94234
10.848,-12.93099
10.856,-12.88913
10.864,-12.81324
10.872,-12.70193
10.880,-12.55570
10.888,-12.37652
10.896,-12.16717
10.904,-11.93037
10.912,-11.66769
10.920,-11.37837
10.928,-11.05824
10.936,-10.69860
10.944,-10.28559
10.952,-9.79990
10.960,-9.21709
10.968,-8.50860
10.976,-7.64342
10.984,-6.59048
10.992,-5.32150
11.000,-3.81419
11.008,-2.05540
11.016,-0.04401
11.024,2.20690
11.032,4.66879
11.040,7.29771
11.048,10.03570
11.056,12.81356
11.064,15.55498
11.072,18.18141
11.080,20.61750
11.088,22.79622
11.096,24.66344
11.104,26.18125
11.112,27.32982
11.120,28.10774
11.128,28.53071
11.136,28.62898
11.144,28.44362
11.152,28.02221
11.160,27.41435
11.168,26.66728
11.176,25.82215
11.184,24.91117
11.192,23.95586
11.200,22.96671
11.208,21.94409
11.216,20.88042
11.224,19.76325
11.232,18.57881
11.240,17.31569
11.248,15.96816
11.256,14.53853
11.264,13.03859
11.272,11.48960
11.280,9.92112
11.288,8.36871
11.296,6.87085
11.304,5.46551
11.312,4.18669
11.320,3.06130
11.328,2.10675
11.336,1.32930
11.344,0.72352
11.352,0.27271
11.360,-0.04969
11.368,-0.27783
11.376,-0.45049
11.384,-0.60784
11.392,-0.78811
11.400,-1.02449
11.408,-1.34261
11.416,-1.75868
11.424,-2.27852
11.432,-2.89744
11.440,-3.60101
11.448,-4.36662
11.456,-5.16563
11.464,-5.96601
11.472,-6.73501
11.480,-7.44188
11.488,-8.06014
11.496,-8.56945
11.504,-8.95666
11.512,-9.21629
11.520,-9.35030
11.528,-9.36738
11.536,-9.28189
11.544,-9.11249
11.552,-8.88073
11.560,-8.60944
11.568,-8.32127
11.576,-8.03730
11.584,-7.77586
11.592,-7.55169
11.600,-7.37547
11.608,-7.25368
11.616,-7.18871
11.624,-7.17923
11.632,-7.22070
11.640,-7.30608
11.648,-7.42671
11.656,-7.57332
11.664,-7.73715
11.672,-7.91105
11.680,-8.09030
11.688,-8.27318
11.696,-8.46105
11.704,-8.65777
11.712,-8.86868
11.720,-9.09886
11.728,-9.35107
11.736,-9.62346
11.744,-9.90738
11.752,-10.18563
11.760,-10.43145
11.768,-10.60855
11.776,-10.67230
11.784,-10.57240
11.792,-10.25674
11.800,-9.67645
11.808,-8.79159
11.816,-7.57703
11.824,-6.02772
11.832,-4.16286
11.840,-2.02806
11.848,0.30469
11.856,2.73972
11.864,5.16287
11.872,7.44885
11.880,9.47022
11.888,11.10717
11.896,12.25718
11.904,12.84368
11.912,12.82280
11.920,12.18782
11.928,10.97055
11.936,9.23965
11.944,7.09571
11.952,4.66356
11.960,2.08245
11.968,-0.50495
11.976,-2.96381
11.984,-5.17740
11.992,-7.05554
12.000,-8.54026
12.008,-9.60841
12.016,-10.27072
12.024,-10.56789
12.032,-10.56392
12.040,-10.33763
12.048,-9.97319
12.056,-9.55072
12.064,-9.13791
12.072,-8.78358
12.080,-8.51360
12.088,-8.32967
12.096,-8.21083
12.104,-8.11759
12.112,-7.99788
12.120,-7.79433
12.128,-7.45171
12.136,-6.92380
12.144,-6.17880
12.152,-5.20307
12.160,-4.00278
12.168,-2.60357
12.176,-1.04851
12.184,0.60546
12.192,2.29203
12.200,3.94068
12.208,5.48184
12.216,6.85195
12.224,7.99789
12.232,8.88040
12.240,9.47653
12.248,9.78053
12.256,9.80354
12.264,9.57178
12.272,9.12361
12.280,8.50573
12.288,7.76891
12.296,6.96369
12.304,6.13651
12.312,5.32653
12.320,4.56345
12.328,3.86630
12.336,3.24350
12.344,2.69380
12.352,2.20821
12.360,1.77241
12.368,1.36943
12.376,0.98229
12.384,0.59618
12.392,0.20002
12.400,-0.21267
12.408,-0.64372
12.416,-1.09084
12.424,-1.54857
12.432,-2.00951
12.440,-2.46553
12.448,-2.90885
12.456,-3.33297
12.464,-3.73323
12.472,-4.10722
12.480,-4.45488
12.488,-4.77839
12.496,-5.08171
12.504,-5.37001
12.512,-5.64879
12.520,-5.92289
12.528,-6.19540
12.536,-6.46650
12.544,-6.73235
12.552,-6.98416
12.560,-7.20749
12.568,-7.38207
12.576,-7.48208
12.584,-7.47705
12.592,-7.33341
12.600,-7.01656
12.608,-6.49347
12.616,-5.73545
12.624,-4.72117
12.632,-3.43922
12.640,-1.89025
12.648,-0.08821
12.656,1.93937
12.664,4.15205
12.672,6.49816
12.680,8.91722
12.688,11.34288
12.696,13.70625
12.704,15.93930
12.712,17.97820
12.720,19.76654
12.728,21.25833
12.736,22.42038
12.744,23.23409
12.752,23.69617
12.760,23.81833
12.768,23.62577
12.776,23.15478
12.784,22.44943
12.792,21.55779
12.800,20.52795
12.808,19.40428
12.816,18.22423
12.824,17.01612
12.832,15.79804
12.840,14.57801
12.848,13.35536
12.856,12.12313
12.864,10.87117
12.872,9.58958
12.880,8.27200
12.888,6.91842
12.896,5.53704
12.904,4.14496
12.912,2.76754
12.920,1.43658
12.928,0.18741
12.936,-0.94470
12.944,-1.92819
12.952,-2.73873
12.960,-3.36181
12.968,-3.79439
12.976,-4.04523
12.984,-4.13408
12.992,-4.08982
13.000,-3.94784
13.008,-3.74705
13.016,-3.52678
13.024,-3.32397
13.032,-3.17080
13.040,-3.09305
13.048,-3.10921
13.056,-3.23018
13.064,-3.45978
13.072,-3.79557
13.080,-4.23004
13.088,-4.75195
13.096,-5.34757
13.104,-6.00183
13.112,-6.69931
13.120,-7.42490
13.128,-8.16432
13.136,-8.90439
13.144,-9.63313
13.152,-10.33980
13.160,-11.01489
13.168,-11.65011
13.176,-12.23855
13.184,-12.77470
13.192,-13.25460
13.200,-13.67591
13.208,-14.03780
13.216,-14.34081
13.224,-14.58660
13.232,-14.77752
13.240,-14.91633
13.248,-15.00588
13.256,-15.04883
13.264,-15.04759
13.272,-15.00423
13.280,-14.92058
13.288,-14.79850
13.296,-14.64024
13.304,-14.44879
13.312,-14.22833
13.320,-13.98441
13.328,-13.72398
13.336,-13.45503
13.344,-13.18588
13.352,-12.92412
13.360,-12.67522
13.368,-12.44098
13.376,-12.21803
13.384,-11.99659
13.392,-11.75965
13.400,-11.48296
13.408,-11.13576
13.416,-10.68240
13.424,-10.08471
13.432,-9.30490
13.440,-8.30879
13.448,-7.06902
13.456,-5.56797
13.464,-3.80014
13.472,-1.77360
13.480,0.48937
13.488,2.95257
13.496,5.56707
13.504,8.27304
13.512,11.00231
13.520,13.68142
13.528,16.23527
13.536,18.59107
13.544,20.68260
13.552,22.45419
13.560,23.86424
13.568,24.88766
13.576,25.51698
13.584,25.76202
13.592,25.64821
13.600,25.21372
13.608,24.50589
13.616,23.57715
13.624,22.48094
13.632,21.26797
13.640,19.98294
13.648,18.66218
13.656,17.33218
13.664,16.00928
13.672,14.70045
13.680,13.40502
13.688,12.11731
13.696,10.82965
13.704,9.53559
13.712,8.23275
13.720,6.92493
13.728,5.62326
13.736,4.34598
13.744,3.11720
13.752,1.96457
13.760,0.91632
13.768,-0.00185
13.776,-0.76976
13.784,-1.37523
13.792,-1.81572
13.800,-2.09910
13.808,-2.24335
13.816,-2.27533
13.824,-2.22859
13.832,-2.14072
13.840,-2.05022
13.848,-1.99349
13.856,-2.00211
13.864,-2.10069
13.872,-2.30550
13.880,-2.62390
13.888,-3.05450
13.896,-3.58806
13.904,-4.20875
13.912,-4.89588
13.920,-5.62568
13.928,-6.37311
13.936,-7.11357
13.944,-7.82441
13.952,-8.48621
13.960,-9.08380
13.968,-9.60688
13.976,-10.05034
13.984,-10.41401
13.992,-10.70209
14.000,-10.92212
14.008,-11.08387
14.016,-11.19810
14.024,-11.27546
14.032,-11.32570
14.040,-11.35701
14.048,-11.37568
14.056,-11.38601
14.064,-11.39041
14.072,-11.38975
14.080,-11.38377
14.088,-11.37156
14.096,-11.35208
14.104,-11.32451
14.112,-11.28861
14.120,-11.24489
14.128,-11.19467
14.136,-11.14003
14.144,-11.08352
14.152,-11.02784
14.160,-10.97523
14.168,-10.92690
14.176,-10.88235
14.184,-10.83870
14.192,-10.79012
14.200,-10.72722
14.208,-10.63655
14.216,-10.50033
14.224,-10.29638
14.232,-9.99848
14.240,-9.57721
14.248,-9.00142
14.256,-8.24016
14.264,-7.26510
14.272,-6.05328
14.280,-4.58977
14.288,-2.87027
14.296,-0.90307
14.304,1.28957
14.312,3.67107
14.320,6.19119
14.328,8.78787
14.336,11.39021
14.344,13.92248
14.352,16.30886
14.360,18.47848
14.368,20.37022
14.376,21.93677
14.384,23.14756
14.392,23.99022
14.400,24.47056
14.408,24.61107
14.416,24.44802
14.424,24.02770
14.432,23.40195
14.440,22.62356
14.448,21.74178
14.456,20.79854
14.464,19.82565
14.472,18.84318
14.480,17.85927
14.488,16.87135
14.496,15.86852
14.504,14.83486
14.512,13.75333
14.520,12.60963
14.528,11.39578
14.536,10.11259
14.544,8.77105
14.552,7.39217
14.560,6.00548
14.568,4.64646
14.576,3.35303
14.584,2.16182
14.592,1.10443
14.600,0.20440
14.608,-0.52495
14.616,-1.08158
14.624,-1.47471
14.632,-1.72376
14.640,-1.85654
14.648,-1.90692
14.656,-1.91210
14.664,-1.90987
14.672,-1.93600
14.680,-2.02189
14.688,-2.19258
14.696,-2.46531
14.704,-2.84860
14.712,-3.34210
14.720,-3.93706
14.728,-4.61736
14.736,-5.36119
14.744,-6.14303
14.752,-6.93579
14.760,-7.71312
14.768,-8.45127
14.776,-9.13072
14.784,-9.73710
14.792,-10.26168
14.800,-10.70116
14.808,-11.05718
14.816,-11.33542
14.824,-11.54455
14.832,-11.69511
14.840,-11.79838
14.848,-11.86545
14.856,-11.90640
14.864,-11.92976
14.872,-11.94213
14.880,-11.94814
14.888,-11.95049
14.896,-11.95027
14.904,-11.94735
14.912,-11.94086
14.920,-11.92969
14.928,-11.91296
14.936,-11.89039
14.944,-11.86252
14.952,-11.83081
14.960,-11.79743
14.968,-11.76489
14.976,-11.73534
14.984,-11.70965
14.992,-11.68638
15.000,-11.66077
15.008,-11.62396
15.016,-11.56240
15.024,-11.45777
15.032,-11.28713
15.040,-11.02356
15.048,-10.63717
15.056,-10.09648
15.064,-9.37031
15.072,-8.43005
15.080,-7.25229
15.088,-5.82159
15.096,-4.13311
15.104,-2.19483
15.112,-0.02895
15.120,2.32767
15.128,4.82436
15.136,7.39875
15.144,9.98007
15.152,12.49343
15.160,14.86455
15.168,17.02466
15.176,18.91488
15.184,20.48990
15.192,21.72053
15.200,22.59497
15.208,23.11877
15.216,23.31331
15.224,23.21316
15.232,22.86237
15.240,22.31001
15.248,21.60559
15.256,20.79461
15.264,19.91497
15.272,18.99447
15.280,18.04972
15.288,17.08649
15.296,16.10146
15.304,15.08495
15.312,14.02444
15.320,12.90812
15.328,11.72833
15.336,10.48416
15.344,9.18316
15.352,7.84176
15.360,6.48456
15.368,5.14242
15.376,3.84965
15.384,2.64072
15.392,1.54690
15.400,0.59315
15.408,-0.20430
15.416,-0.83948
15.424,-1.31726
15.432,-1.65286
15.440,-1.87048
15.448,-2.00112
15.456,-2.07985
15.464,-2.14291
15.472,-2.22476
15.480,-2.35556
15.488,-2.55904
15.496,-2.85122
15.504,-3.23969
15.512,-3.72372
15.520,-4.29483
15.528,-4.93785
15.536,-5.63246
15.544,-6.35484
15.552,-7.07960
15.560,-7.78170
15.568,-8.43837
15.576,-9.03080
15.584,-9.54553
15.592,-9.97529
15.600,-10.31930
15.608,-10.58281
15.616,-10.77604
15.624,-10.91271
15.632,-11.00818
15.640,-11.07756
15.648,-11.13406
15.656,-11.18767
15.664,-11.24458
15.672,-11.30712
15.680,-11.37436
15.688,-11.44311
15.696,-11.50908
15.704,-11.56804
15.712,-11.61675
15.720,-11.65365
15.728,-11.67911
15.736,-11.69543
15.744,-11.70637
15.752,-11.71641
15.760,-11.72984
15.768,-11.74966
15.776,-11.77646
15.784,-11.80736
15.792,-11.83518
15.800,-11.84787
15.808,-11.82840
15.816,-11.75512
15.824,-11.60260
15.832,-11.34285
15.840,-10.94678
15.848,-10.38584
15.856,-9.63381
15.864,-8.66850
15.872,-7.47354
15.880,-6.03994
15.888,-4.36766
15.896,-2.46683
15.904,-0.35867
15.912,1.92413
15.920,4.33770
15.928,6.82809
15.936,9.33344
15.944,11.78702
15.952,14.12101
15.960,16.27087
15.968,18.17946
15.976,19.80089
15.984,21.10338
15.992,22.07104
16.000,22.70415
16.008,23.01817
16.016,23.04130
16.024,22.81120
16.032,22.37096
16.040,21.76490
16.048,21.03458
16.056,20.21535
16.064,19.33389
16.072,18.40710
16.080,17.44220
16.088,16.43823
16.096,15.38852
16.104,14.28374
16.112,13.11531
16.120,11.87848
16.128,10.57493
16.136,9.21442
16.144,7.81540
16.152,6.40441
16.160,5.01436
16.168,3.68187
16.176,2.44398
16.184,1.33453
16.192,0.38088
16.200,-0.39895
16.208,-0.99803
16.216,-1.42135
16.224,-1.68548
16.232,-1.81717
16.240,-1.85120
16.248,-1.82740
16.256,-1.78740
16.264,-1.77122
16.272,-1.81409
16.280,-1.94382
16.288,-2.17892
16.296,-2.52767
16.304,-2.98825
16.312,-3.54970
16.320,-4.19369
16.328,-4.89666
16.336,-5.63225
16.344,-6.37358
16.352,-7.09538
16.360,-7.77571
16.368,-8.39723
16.376,-8.94793
16.384,-9.42135
16.392,-9.81638
16.400,-10.13657
16.408,-10.38933
16.416,-10.58482
16.424,-10.73484
16.432,-10.85164
16.440,-10.94687
16.448,-11.03063
16.456,-11.11075
16.464,-11.19240
16.472,-11.27807
16.480,-11.36784
16.488,-11.45996
16.496,-11.55151
16.504,-11.63910
16.512,-11.71956
16.520,-11.79037
16.528,-11.85001
16.536,-11.89815
16.544,-11.93556
16.552,-11.96395
16.560,-11.98550
16.568,-12.00212
16.576,-12.01449
16.584,-12.02089
16.592,-12.01602
16.600,-11.98995
16.608,-11.92737
16.616,-11.80741
16.624,-11.60386
16.632,-11.28624
16.640,-10.82142
16.648,-10.17585
16.656,-9.31829
16.664,-8.22277
16.672,-6.87147
16.680,-5.25742
16.688,-3.38667
16.696,-1.27954
16.704,1.02901
16.712,3.49037
16.720,6.04446
16.728,8.62309
16.736,11.15410
16.744,13.56596
16.752,15.79243
16.760,17.77685
16.768,19.47567
16.776,20.86094
16.784,21.92158
16.792,22.66317
16.800,23.10648
16.808,23.28452
16.816,23.23870
16.824,23.01424
16.832,22.65560
16.840,22.20214
16.848,21.68476
16.856,21.12369
16.864,20.52767
16.872,19.89464
16.880,19.21365
16.888,18.46788
16.896,17.63809
16.904,16.70637
16.912,15.65957
16.920,14.49209
16.928,13.20783
16.936,11.82098
16.944,10.35555
16.952,8.84374
16.960,7.32327
16.968,5.83401
16.976,4.41424
16.984,3.09718
16.992,1.90796
17.000,0.86161
17.008,-0.03781
17.016,-0.79688
17.024,-1.43141
17.032,-1.96424
17.040,-2.42253
17.048,-2.83505
17.056,-3.22957
17.064,-3.63089
17.072,-4.05941
17.080,-4.53030
17.088,-5.05323
17.096,-5.63246
17.104,-6.26715
17.112,-6.95181
17.120,-7.67693
17.128,-8.42956
17.136,-9.19412
17.144,-9.95317
17.152,-10.68836
17.160,-11.38145
17.168,-12.01530
17.176,-12.57492
17.184,-13.04842
17.192,-13.42772
17.200,-13.70902
17.208,-13.89296
17.216,-13.98434
17.224,-13.99156
17.232,-13.92576
17.240,-13.79970
17.248,-13.62668
17.256,-13.41958
17.264,-13.19010
17.272,-12.94834
17.280,-12.70269
17.288,-12.45992
17.296,-12.22538
17.304,-12.00338
17.312,-11.79739
17.320,-11.61024
17.328,-11.44418
17.336,-11.30074
17.344,-11.18050
17.352,-11.08265
17.360,-11.00446
17.368,-10.94046
17.376,-10.88166
17.384,-10.81466
17.392,-10.72104
17.400,-10.57713
17.408,-10.35430
17.416,-10.01992
17.424,-9.53901
17.432,-8.87650
17.440,-8.00009
17.448,-6.88338
17.456,-5.50907
17.464,-3.87192
17.472,-1.98110
17.480,0.13846
17.488,2.44608
17.496,4.88667
17.504,7.39362
17.512,9.89286
17.520,12.30779
17.528,14.56463
17.536,16.59749
17.544,18.35278
17.552,19.79250
17.560,20.89602
17.568,21.66036
17.576,22.09889
17.584,22.23875
17.592,22.11725
17.600,21.77765
17.608,21.26491
17.616,20.62163
17.624,19.88480
17.632,19.08345
17.640,18.23745
17.648,17.35741
17.656,16.44562
17.664,15.49783
17.672,14.50562
17.680,13.45912
17.688,12.34976
17.696,11.17287
17.704,9.92974
17.712,8.62899
17.720,7.28707
17.728,5.92777
17.736,4.58084
17.744,3.27970
17.752,2.05872
17.760,0.95020
17.768,-0.01851
17.776,-0.82748
17.784,-1.46609
17.792,-1.93413
17.800,-2.24206
17.808,-2.41047
17.816,-2.46856
17.824,-2.45201
17.832,-2.40016
17.840,-2.35304
17.848,-2.34817
17.856,-2.41767
17.864,-2.58585
17.872,-2.86747
17.880,-3.26689
17.888,-3.77825
17.896,-4.38644
17.904,-5.06901
17.912,-5.79862
17.920,-6.54576
17.928,-7.28159
17.936,-7.98040
17.944,-8.62163
17.952,-9.19111
17.960,-9.68151
17.968,-10.09204
17.976,-10.42750
17.984,-10.69690
17.992,-10.91193
18.000,-11.08533
18.008,-11.22950
18.016,-11.35529
18.024,-11.47116
18.032,-11.58276
18.040,-11.69281
18.048,-11.80143
18.056,-11.90666
18.064,-12.00511
18.072,-12.09281
18.080,-12.16591
18.088,-12.22143
18.096,-12.25773
18.104,-12.27475
18.112,-12.27379
18.120,-12.25705
18.128,-12.22670
18.136,-12.18372
18.144,-12.12672
18.152,-12.05065
18.160,-11.94582
18.168,-11.79733
18.176,-11.58488
18.184,-11.28333
18.192,-10.86384
18.200,-10.29552
18.208,-9.54772
18.216,-8.59257
18.224,-7.40777
18.232,-5.97927
18.240,-4.30364
18.248,-2.38989
18.256,-0.26044
18.264,2.04895
18.272,4.49032
18.280,7.00570
18.288,9.53019
18.296,11.99558
18.304,14.33431
18.312,16.48334
18.320,18.38789
18.328,20.00454
18.336,21.30362
18.344,22.27060
18.352,22.90626
18.360,23.22584
18.368,23.25686
18.376,23.03619
18.384,22.60630
18.392,22.01127
18.400,21.29299
18.408,20.48776
18.416,19.62382
18.424,18.71995
18.432,17.78522
18.440,16.81994
18.448,15.81765
18.456,14.76777
18.464,13.65875
18.472,12.48125
18.480,11.23112
18.488,9.91179
18.496,8.53574
18.504,7.12495
18.512,5.70997
18.520,4.32778
18.528,3.01862
18.536,1.82201
18.544,0.77268
18.552,-0.10322
18.560,-0.79104
18.568,-1.28933
18.576,-1.61015
18.584,-1.77798
18.592,-1.82747
18.600,-1.80023
18.608,-1.74115
18.616,-1.69453
18.624,-1.70054
18.632,-1.79223
18.640,-1.99348
18.648,-2.31777
18.656,-2.76792
18.664,-3.33673
18.672,-4.00828
18.680,-4.75981
18.688,-5.56407
18.696,-6.39161
18.704,-7.21320
18.712,-8.00188
18.720,-8.73469
18.728,-9.39399
18.736,-9.96820
18.744,-10.45210
18.752,-10.84653
18.760,-11.15757
18.768,-11.39532
18.776,-11.57244
18.784,-11.70247
18.792,-11.79847
18.800,-11.87184
18.808,-11.93170
18.816,-11.98467
18.824,-12.03495
18.832,-12.08473
18.840,-12.13464
18.848,-12.18426
18.856,-12.23260
18.864,-12.27842
18.872,-12.32051
18.880,-12.35784
18.888,-12.38951
18.896,-12.41454
18.904,-12.43148
18.912,-12.43778
18.920,-12.42914
18.928,-12.39886
18.936,-12.33720
18.944,-12.23100
18.952,-12.06340
18.960,-11.81398
18.968,-11.45906
18.976,-10.97261
18.984,-10.32741
18.992,-9.49688
19.000,-8.45706
19.008,-7.18904
19.016,-5.68137
19.024,-3.93232
19.032,-1.95184
19.040,0.23726
19.048,2.59901
19.056,5.08496
19.064,7.63602
19.072,10.18537
19.080,12.66223
19.088,14.99622
19.096,17.12188
19.104,18.98285
19.112,20.53540
19.120,21.75088
19.128,22.61699
19.136,23.13761
19.144,23.33135
19.152,23.22887
19.160,22.86942
19.168,22.29684
19.176,21.55556
19.184,20.68695
19.192,19.72639
19.200,18.70134
19.208,17.63058
19.216,16.52451
19.224,15.38656
19.232,14.21527
19.240,13.00693
19.248,11.75826
19.256,10.46891
19.264,9.14334
19.272,7.79199
19.280,6.43153
19.288,5.08430
19.296,3.77703
19.304,2.53889
19.312,1.39920
19.320,0.38497
19.328,-0.48158
19.336,-1.18519
19.344,-1.71931
19.352,-2.08720
19.360,-2.30233
19.368,-2.38781
19.376,-2.37494
19.384,-2.30089
19.392,-2.20584
19.400,-2.12976
19.408,-2.10933
19.416,-2.17521
19.424,-2.35001
19.432,-2.64700
19.440,-3.06976
19.448,-3.61264
19.456,-4.26189
19.464,-4.99730
19.472,-5.79421
19.480,-6.62549
19.488,-7.46357
19.496,-8.28223
19.504,-9.05806
19.512,-9.77164
19.520,-10.40831
19.528,-10.95856
19.536,-11.41801
19.544,-11.78712
19.552,-12.07048
19.560,-12.27596
19.568,-12.41378
19.576,-12.49548
19.584,-12.53299
19.592,-12.53786
19.600,-12.52072
19.608,-12.49095
19.616,-12.45658
19.624,-12.42429
19.632,-12.39954
19.640,-12.38664
19.648,-12.38873
19.656,-12.40760
19.664,-12.44330
19.672,-12.49370
19.680,-12.55383
19.688,-12.61531
19.696,-12.66585
19.704,-12.68896
19.712,-12.66384
19.720,-12.56577
19.728,-12.36674
19.736,-12.03660
19.744,-11.54446
19.752,-10.86045
19.760,-9.95759
19.768,-8.81388
19.776,-7.41426
19.784,-5.75279
19.792,-3.83457
19.800,-1.67752
19.808,0.68649
19.816,3.21137
19.824,5.83767
19.832,8.49495
19.840,11.10543
19.848,13.58890
19.856,15.86835
19.864,17.87577
19.872,19.55731
19.880,20.87712
19.888,21.81952
19.896,22.38901
19.904,22.60847
19.912,22.51555
19.920,22.15800
19.928,21.58845
19.936,20.85933
19.944,20.01837
19.952,19.10525
19.960,18.14942
19.968,17.16949
19.976,16.17376
19.984,15.16201
19.992,14.12811
20.000,13.06294
20.008,11.95765
20.016,10.80643
20.024,9.60892
20.032,8.37169
20.040,7.10878
20.048,5.84121
20.056,4.59541
20.064,3.40091
20.072,2.28759
20.080,1.28274
20.088,0.40842
20.096,-0.32070
20.104,-0.89884
20.112,-1.32972
20.120,-1.62639
20.128,-1.81027
20.136,-1.90950
20.144,-1.95670
20.152,-1.98649
20.160,-2.03289
20.168,-2.12680
20.176,-2.29381
20.184,-2.55242
20.192,-2.91278
20.200,-3.37617
20.208,-3.93520
20.216,-4.57467
20.224,-5.27316
20.232,-6.00499
20.240,-6.74249
20.248,-7.45843
20.256,-8.12823
20.264,-8.73195
20.272,-9.25566
20.280,-9.69218
20.288,-10.04111
20.296,-10.30814
20.304,-10.50385
20.312,-10.64206
20.320,-10.73816
20.328,-10.80734
20.336,-10.86313
20.344,-10.91636
20.352,-10.97451
20.360,-11.04166
20.368,-11.11891
20.376,-11.20506
20.384,-11.29756
20.392,-11.39342
20.400,-11.48990
20.408,-11.58486
20.416,-11.67677
20.424,-11.76412
20.432,-11.84464
20.440,-11.91413
20.448,-11.96534
20.456,-11.98700
20.464,-11.96325
20.472,-11.87357
20.480,-11.69324
20.488,-11.39441
20.496,-10.94758
20.504,-10.32333
20.512,-9.49446
20.520,-8.43804
20.528,-7.13767
20.536,-5.58550
20.544,-3.78409
20.552,-1.74792
20.560,0.49576
20.568,2.90674
20.576,5.43277
20.584,8.01150
20.592,10.57358
20.600,13.04651
20.608,15.35917
20.616,17.44639
20.624,19.25323
20.632,20.73861
20.640,21.87765
20.648,22.66273
20.656,23.10300
20.664,23.22232
20.672,23.05605
20.680,22.64691
20.688,22.04043
20.696,21.28072
20.704,20.40679
20.712,19.44999
20.720,18.43266
20.728,17.36809
20.736,16.26155
20.744,15.11229
20.752,13.91614
20.760,12.66828
20.768,11.36605
20.776,10.01133
20.784,8.61228
20.792,7.18434
20.800,5.75003
20.808,4.33789
20.816,2.98039
20.824,1.71112
20.832,0.56172
20.840,-0.44116
20.848,-1.27860
20.856,-1.94141
20.864,-2.43125
20.872,-2.76082
20.880,-2.95293
20.888,-3.03874
20.896,-3.05516
20.904,-3.04182
20.912,-3.03783
20.920,-3.07864
20.928,-3.19334
20.936,-3.40259
20.944,-3.71756
20.952,-4.13972
20.960,-4.66159
20.968,-5.26820
20.976,-5.93905
20.984,-6.65028
20.992,-7.37690
21.000,-8.09474
21.008,-8.78218
21.016,-9.42136
21.024,-9.99907
21.032,-10.50715
21.040,-10.94241
21.048,-11.30616
21.056,-11.60346
21.064,-11.84202
21.072,-12.03115
21.080,-12.18065
21.088,-12.29990
21.096,-12.39718
21.104,-12.47920
21.112,-12.55088
21.120,-12.61535
21.128,-12.67414
21.136,-12.72756
21.144,-12.77511
21.152,-12.81590
21.160,-12.84886
21.168,-12.87278
21.176,-12.88596
21.184,-12.88565
21.192,-12.86724
21.200,-12.82342
21.208,-12.74338
21.216,-12.61227
21.224,-12.41091
21.232,-12.11600
21.240,-11.70094
21.248,-11.13709
21.256,-10.39564
21.264,-9.44984
21.272,-8.27742
21.280,-6.86312
21.288,-5.20109
21.296,-3.29700
21.304,-1.16949
21.312,1.14916
21.320,3.61340
21.328,6.16597
21.336,8.74057
21.344,11.26557
21.352,13.66850
21.360,15.88080
21.368,17.84249
21.376,19.50621
21.384,20.84010
21.392,21.82929
21.400,22.47593
21.408,22.79756
21.416,22.82434
21.424,22.59537
21.432,22.15452
21.440,21.54630
21.448,20.81199
21.456,19.98665
21.464,19.09697
21.472,18.16035
21.480,17.18508
21.488,16.17160
21.496,15.11459
21.504,14.00570
21.512,12.83657
21.520,11.60179
21.528,10.30143
21.536,8.94271
21.544,7.54076
21.552,6.11826
21.560,4.70406
21.568,3.33102
21.576,2.03331
21.584,0.84347
21.592,-0.21044
21.600,-1.10737
21.608,-1.83517
21.616,-2.39191
21.624,-2.78615
21.632,-3.03642
21.640,-3.16964
21.648,-3.21886
21.656,-3.22036
21.664,-3.21062
21.672,-3.22339
21.680,-3.28723
21.688,-3.42370
21.696,-3.64640
21.704,-3.96080
21.712,-4.36484
21.720,-4.85010
21.728,-5.40327
21.736,-6.00772
21.744,-6.64503
21.752,-7.29627
21.760,-7.94314
21.768,-8.56877
21.776,-9.15842
21.784,-9.69990
21.792,-10.18396
21.800,-10.60462
21.808,-10.95923
21.816,-11.24846
21.824,-11.47603
21.832,-11.64810
21.840,-11.77260
21.848,-11.85845
21.856,-11.91477
21.864,-11.95033
21.872,-11.97313
21.880,-11.99014
21.888,-12.00720
21.896,-12.02906
21.904,-12.05932
21.912,-12.10038
21.920,-12.15319
21.928,-12.21668
21.936,-12.28704
21.944,-12.35684
21.952,-12.41424
21.960,-12.44229
21.968,-12.41879
21.976,-12.31652
21.984,-12.10427
21.992,-11.74834
22.000,-11.21476
22.008,-10.47181
22.016,-9.49274
22.024,-8.25846
22.032,-6.75984
22.040,-4.99952
22.048,-2.99304
22.056,-0.76911
22.064,1.63091
22.072,4.15433
22.080,6.73942
22.088,9.31835
22.096,11.82078
22.104,14.17790
22.112,16.32646
22.120,18.21271
22.128,19.79563
22.136,21.04927
22.144,21.96378
22.152,22.54518
22.160,22.81377
22.168,22.80134
22.176,22.54752
22.184,22.09564
22.192,21.48855
22.200,20.76488
22.208,19.95607
22.216,19.08458
22.224,18.16327
22.232,17.19618
22.240,16.18025
22.248,15.10800
22.256,13.97057
22.264,12.76084
22.272,11.47618
22.280,10.12065
22.288,8.70614
22.296,7.25261
22.304,5.78709
22.312,4.34185
22.320,2.95176
22.328,1.65139
22.336,0.47206
22.344,-0.56076
22.352,-1.42961
22.360,-2.12638
22.368,-2.65303
22.376,-3.02138
22.384,-3.25220
22.392,-3.37365
22.400,-3.41913
22.408,-3.42483
22.416,-3.42714
22.424,-3.46020
22.432,-3.55366
22.440,-3.73094
22.448,-4.00795
22.456,-4.39236
22.464,-4.88340
22.472,-5.47220
22.480,-6.14271
22.488,-6.87306
22.496,-7.63734
22.504,-8.40772
22.512,-9.15664
22.520,-9.85897
22.528,-10.49386
22.536,-11.04617
22.544,-11.50730
22.552,-11.87532
22.560,-12.15457
22.568,-12.35460
22.576,-12.48879
22.584,-12.57266
22.592,-12.62222
22.600,-12.65237
22.608,-12.67571
22.616,-12.70175
22.624,-12.73659
22.632,-12.78298
22.640,-12.84074
22.648,-12.90721
22.656,-12.97778
22.664,-13.04625
22.672,-13.10504
22.680,-13.14535
22.688,-13.15710
22.696,-13.12887
22.704,-13.04778
22.712,-12.89929
22.720,-12.66708
22.728,-12.33300
22.736,-11.87713
22.744,-11.27829
22.752,-10.51471
22.760,-9.56528
22.768,-8.41107
22.776,-7.03714
22.784,-5.43456
22.792,-3.60245
22.800,-1.54991
22.808,0.70233
22.816,3.12092
22.824,5.65974
22.832,8.26106
22.840,10.85810
22.848,13.37896
22.856,15.75141
22.864,17.90806
22.872,19.79112
22.880,21.35629
22.888,22.57541
22.896,23.43768
22.904,23.94942
22.912,24.13222
22.920,24.02008
22.928,23.65545
22.936,23.08495
22.944,22.35500
22.952,21.50776
22.960,20.57798
22.968,19.59071
22.976,18.56044
22.984,17.49155
22.992,16.37998
23.000,15.21609
23.008,13.98816
23.016,12.68617
23.024,11.30538
23.032,9.84906
23.040,8.33018
23.048,6.77162
23.056,5.20497
23.064,3.66799
23.072,2.20120
23.080,0.84394
23.088,-0.36931
23.096,-1.41218
23.104,-2.26865
23.112,-2.93427
23.120,-3.41638
23.128,-3.73331
23.136,-3.91277
23.144,-3.98955
23.152,-4.00274
23.160,-3.99273
23.168,-3.99823
23.176,-4.05358
23.184,-4.18660
23.192,-4.41702
23.200,-4.75559
23.208,-5.20397
23.216,-5.75528
23.224,-6.39522
23.232,-7.10359
23.240,-7.85615
23.248,-8.62664
23.256,-9.38876
23.264,-10.11811
23.272,-10.79377
23.280,-11.39954
23.288,-11.92462
23.296,-12.36374
23.304,-12.71688
23.312,-12.98840
23.320,-13.18608
23.328,-13.31994
23.336,-13.40112
23.344,-13.44098
23.352,-13.45031
23.360,-13.43887
23.368,-13.41498
23.376,-13.38536
23.384,-13.35506
23.392,-13.32751
23.400,-13.30459
23.408,-13.28671
23.416,-13.27286
23.424,-13.26047
23.432,-13.24517
23.440,-13.22037
23.448,-13.17676
23.456,-13.10174
23.464,-12.97884
23.472,-12.78738
23.480,-12.50241
23.488,-12.09516
23.496,-11.53401
23.504,-10.78624
23.512,-9.82040
23.520,-8.60925
23.528,-7.13297
23.536,-5.38228
23.544,-3.36106
23.552,-1.08809
23.560,1.40240
23.568,4.06131
23.576,6.82665
23.584,9.62656
23.592,12.38342
23.600,15.01860
23.608,17.45760
23.616,19.63492
23.624,21.49830
23.632,23.01180
23.640,24.15746
23.648,24.93527
23.656,25.36165
23.664,25.46649
23.672,25.28930
23.680,24.87476
23.688,24.26825
23.696,23.51187
23.704,22.64135
23.712,21.68410
23.720,20.65861
23.728,19.57499
23.736,18.43665
23.744,17.24258
23.752,15.99006
23.760,14.67727
23.768,13.30568
23.776,11.88180
23.784,10.41817
23.792,8.93353
23.800,7.45207
23.808,6.00189
23.816,4.61290
23.824,3.31439
23.832,2.13251
23.840,1.08812
23.848,0.19494
23.856,-0.54160
23.864,-1.12498
23.872,-1.56742
23.880,-1.88916
23.888,-2.11692
23.896,-2.28205
23.904,-2.41815
23.912,-2.55865
23.920,-2.73438
23.928,-2.97148
23.936,-3.28969
23.944,-3.70126
23.952,-4.21048
23.960,-4.81380
23.968,-5.50064
23.976,-6.25453
23.984,-7.05477
23.992,-7.87814
24.000,-8.70072
24.008,-9.49963
24.016,-10.25450
24.024,-10.94866
24.032,-11.56995
24.040,-12.11109
24.048,-12.56957
24.056,-12.94722
24.064,-13.24943
24.072,-13.48425
24.080,-13.66129
24.088,-13.79082
24.096,-13.88284
24.104,-13.94640
24.112,-13.98915
24.120,-14.01710
24.128,-14.03467
24.136,-14.04499
24.144,-14.05024
24.152,-14.05195
24.160,-14.05109
24.168,-14.04789
24.176,-14.04140
24.184,-14.02884
24.192,-14.00484
24.200,-13.96086
24.208,-13.88460
24.216,-13.75979
24.224,-13.56619
24.232,-13.27997
24.240,-12.87444
24.248,-12.32116
24.256,-11.59141
24.264,-10.65804
24.272,-9.49756
24.280,-8.09232
24.288,-6.43282
24.296,-4.51974
24.304,-2.36565
24.312,0.00387
24.320,2.55001
24.328,5.22140
24.336,7.95597
24.344,10.68384
24.352,13.33114
24.360,15.82438
24.368,18.09500
24.376,20.08372
24.384,21.74426
24.392,23.04597
24.400,23.97528
24.408,24.53563
24.416,24.74609
24.424,24.63877
24.432,24.25537
24.440,23.64317
24.448,22.85086
24.456,21.92458
24.464,20.90443
24.472,19.82195
24.480,18.69870
24.488,17.54614
24.496,16.36685
24.504,15.15691
24.512,13.90898
24.520,12.61576
24.528,11.27328
24.536,9.88348
24.544,8.45597
24.552,7.00843
24.560,5.56589
24.568,4.15894
24.576,2.82101
24.584,1.58527
24.592,0.48130
24.600,-0.46786
24.608,-1.24809
24.616,-1.85574
24.624,-2.29807
24.632,-2.59281
24.640,-2.76668
24.648,-2.85313
24.656,-2.88974
24.664,-2.91524
24.672,-2.96670
24.680,-3.07701
24.688,-3.27269
24.696,-3.57240
24.704,-3.98589
24.712,-4.51381
24.720,-5.14801
24.728,-5.87253
24.736,-6.66515
24.744,-7.49927
24.752,-8.34609
24.760,-9.17685
24.768,-9.96492
24.776,-10.68765
24.784,-11.32771
24.792,-11.87392
24.800,-12.32150
24.808,-12.67173
24.816,-12.93109
24.824,-13.11001
24.832,-13.22149
24.840,-13.27969
24.848,-13.29862
24.856,-13.29119
24.864,-13.26852
24.872,-13.23962
24.880,-13.21135
24.888,-13.18851
24.896,-13.17413
24.904,-13.16974
24.912,-13.17557
24.920,-13.19069
24.928,-13.21299
24.936,-13.23895
24.944,-13.26337
24.952,-13.27886
24.960,-13.27539
24.968,-13.23981
24.976,-13.15556
24.984,-13.00249
24.992,-12.75703
25.000,-12.39274
25.008,-11.88122
25.016,-11.19353
25.024,-10.30202
25.032,-9.18244
25.040,-7.81611
25.048,-6.19227
25.056,-4.31011
25.064,-2.18054
25.072,0.17255
25.080,2.71185
25.088,5.38702
25.096,8.13631
25.104,10.88925
25.112,13.57046
25.120,16.10433
25.128,18.41989
25.136,20.45569
25.144,22.16379
25.152,23.51263
25.160,24.48840
25.168,25.09475
25.176,25.35102
25.184,25.28916
25.192,24.95000
25.200,24.37899
25.208,23.62215
25.216,22.72238
25.224,21.71656
25.232,20.63359
25.240,19.49356
25.248,18.30799
25.256,17.08103
25.264,15.81156
25.272,14.49582
25.280,13.13020
25.288,11.71401
25.296,10.25167
25.304,8.75408
25.312,7.23917
25.320,5.73134
25.328,4.26015
25.336,2.85827
25.344,1.55892
25.352,0.39311
25.360,-0.61318
25.368,-1.44162
25.376,-2.08355
25.384,-2.54133
25.392,-2.82879
25.400,-2.97057
25.408,-3.00044
25.416,-2.95872
25.424,-2.88900
25.432,-2.83450
25.440,-2.83461
25.448,-2.92180
25.456,-3.11930
25.464,-3.43973
25.472,-3.88480
25.480,-4.44603
25.488,-5.10634
25.496,-5.84232
25.504,-6.62682
25.512,-7.43159
25.520,-8.22960
25.528,-8.99690
25.536,-9.71381
25.544,-10.36551
25.552,-10.94211
25.560,-11.43835
25.568,-11.85309
25.576,-12.18869
25.584,-12.45043
25.592,-12.64582
25.600,-12.78405
25.608,-12.87535
25.616,-12.93036
25.624,-12.95955
25.632,-12.97261
25.640,-12.97806
25.648,-12.98292
25.656,-12.99253
25.664,-13.01056
25.672,-13.03909
25.680,-13.07864
25.688,-13.12807
25.696,-13.18434
25.704,-13.24199
25.712,-13.29252
25.720,-13.32376
25.728,-13.31943
25.736,-13.25899
25.744,-13.11796
25.752,-12.86853
25.760,-12.48077
25.768,-11.92407
25.776,-11.16896
25.784,-10.18913
25.792,-8.96360
25.800,-7.47882
25.808,-5.73067
25.816,-3.72613
25.824,-1.48444
25.832,0.96227
25.840,3.56928
25.848,6.28042
25.856,9.03026
25.864,11.74724
25.872,14.35763
25.880,16.78999
25.888,18.97972
25.896,20.87325
25.904,22.43126
25.912,23.63075
25.920,24.46572
25.928,24.94635
25.936,25.09694
25.944,24.95273
25.952,24.55602
25.960,23.95183
25.968,23.18383
25.976,22.29061
25.984,21.30299
25.992,20.24260
26.000,19.12178
26.008,17.94485
26.016,16.71046
26.024,15.41456
26.032,14.05355
26.040,12.62724
26.048,11.14106
26.056,9.60743
26.064,8.04601
26.072,6.48295
26.080,4.94915
26.088,3.47790
26.096,2.10215
26.104,0.85176
26.112,-0.24899
26.120,-1.18344
26.128,-1.94389
26.136,-2.53225
26.144,-2.95992
26.152,-3.24695
26.160,-3.42052
26.168,-3.51291
26.176,-3.55919
26.184,-3.59467
26.192,-3.65256
26.200,-3.76185
26.208,-3.94557
26.216,-4.21960
26.224,-4.59203
26.232,-5.06299
26.240,-5.62518
26.248,-6.26486
26.256,-6.96325
26.264,-7.69834
26.272,-8.44674
26.280,-9.18550
26.288,-9.89376
26.296,-10.55393
26.304,-11.15252
26.312,-11.68054
26.320,-12.13347
26.328,-12.51092
26.336,-12.81605
26.344,-13.05470
26.352,-13.23446
26.360,-13.36377
26.368,-13.45109
26.376,-13.50439
26.384,-13.53081
26.392,-13.53662
26.400,-13.52737
26.408,-13.50805
26.416,-13.48335
26.424,-13.45774
26.432,-13.43534
26.440,-13.41954
26.448,-13.41245
26.456,-13.41400
26.464,-13.42111
26.472,-13.42681
26.480,-13.41953
26.488,-13.38270
26.496,-13.29462
26.504,-13.12891
26.512,-12.85526
26.520,-12.44081
26.528,-11.85179
26.536,-11.05548
26.544,-10.02245
26.552,-8.72883
26.560,-7.15880
26.568,-5.30702
26.576,-3.18080
26.584,-0.80176
26.592,1.79334
26.600,4.55293
26.608,7.41231
26.616,10.29655
26.624,13.12468
26.632,15.81470
26.640,18.28898
26.648,20.47970
26.656,22.33335
26.664,23.81418
26.672,24.90578
26.680,25.61107
26.688,25.95045
26.696,25.95864
26.704,25.68037
26.712,25.16558
26.720,24.46440
26.728,23.62269
26.736,22.67840
26.744,21.65923
26.752,20.58174
26.760,19.45188
26.768,18.26698
26.776,17.01874
26.784,15.69700
26.792,14.29360
26.800,12.80596
26.808,11.23971
26.816,9.61023
26.824,7.94268
26.832,6.27066
26.840,4.63369
26.848,3.07364
26.856,1.63085
26.864,0.34027
26.872,-0.77191
26.880,-1.69053
26.888,-2.41279
26.896,-2.94821
26.904,-3.31756
26.912,-3.55087
26.920,-3.68464
26.928,-3.75881
26.936,-3.81353
26.944,-3.88612
26.952,-4.00852
26.960,-4.20525
26.968,-4.49221
26.976,-4.87620
26.984,-5.35524
26.992,-5.91951
27.000,-6.55296
27.008,-7.23519
27.016,-7.94367
27.024,-8.65574
27.032,-9.35046
27.040,-10.01000
27.048,-10.62058
27.056,-11.17285
27.064,-11.66185
27.072,-12.08654
27.080,-12.44902
27.088,-12.75364
27.096,-13.00600
27.104,-13.21214
27.112,-13.37796
27.120,-13.50880
27.128,-13.60930
27.136,-13.68342
27.144,-13.73457
27.152,-13.76581
27.160,-13.78009
27.168,-13.78043
27.176,-13.77001
27.184,-13.75222
27.192,-13.73034
27.200,-13.70719
27.208,-13.68451
27.216,-13.66216
27.224,-13.63725
27.232,-13.60321
27.240,-13.54887
27.248,-13.45777
27.256,-13.30775
27.264,-13.07107
27.272,-12.71506
27.280,-12.20356
27.288,-11.49902
27.296,-10.56523
27.304,-9.37058
27.312,-7.89145
27.320,-6.11555
27.328,-4.04477
27.336,-1.69704
27.344,0.89287
27.352,3.67396
27.360,6.58107
27.368,9.53806
27.376,12.46221
27.384,15.26918
27.392,17.87834
27.400,20.21791
27.408,22.22937
27.416,23.87095
27.424,25.11963
27.432,25.97175
27.440,26.44191
27.448,26.56059
27.456,26.37046
27.464,25.92191
27.472,25.26813
27.480,24.46039
27.488,23.54379
27.496,22.55419
27.504,21.51624
27.512,20.44309
27.520,19.33724
27.528,18.19274
27.536,16.99823
27.544,15.74046
27.552,14.40787
27.560,12.99384
27.568,11.49918
27.576,9.93368
27.584,8.31639
27.592,6.67491
27.600,5.04344
27.608,3.46016
27.616,1.96393
27.624,0.59089
27.632,-0.62887
27.640,-1.67396
27.648,-2.53369
27.656,-3.20897
27.664,-3.71222
27.672,-4.06625
27.680,-4.30215
27.688,-4.45666
27.696,-4.56909
27.704,-4.67827
27.712,-4.81976
27.720,-5.02350
27.728,-5.31193
27.736,-5.69877
27.744,-6.18840
27.752,-6.77597
27.760,-7.44822
27.768,-8.18501
27.776,-8.96148
27.784,-9.75047
27.792,-10.52505
27.800,-11.26077
27.808,-11.93742
27.816,-12.54014
27.824,-13.05995
27.832,-13.49354
27.840,-13.84255
27.848,-14.11255
27.856,-14.31178
27.864,-14.44987
27.872,-14.53682
27.880,-14.58222
27.888,-14.59474
27.896,-14.58210
27.904,-14.55114
27.912,-14.50811
27.920,-14.45890
27.928,-14.40907
27.936,-14.36375
27.944,-14.32710
27.952,-14.30168
27.960,-14.28760
27.968,-14.28174
27.976,-14.27708
27.984,-14.26224
27.992,-14.22136
28.000,-14.13429
28.008,-13.97713
28.016,-13.72291
28.024,-13.34259
28.032,-12.80617
28.040,-12.08408
28.048,-11.14875
28.056,-9.97648
28.064,-8.54953
28.072,-6.85817
28.080,-4.90263
28.088,-2.69465
28.096,-0.25856
28.104,2.36840
28.112,5.13661
28.120,7.98560
28.128,10.84655
28.136,13.64568
28.144,16.30829
28.152,18.76314
28.160,20.94679
28.168,22.80750
28.176,24.30837
28.184,25.42934
28.192,26.16795
28.200,26.53868
28.208,26.57087
28.216,26.30547
28.224,25.79093
28.232,25.07864
28.240,24.21836
28.248,23.25416
28.256,22.22120
28.264,21.14373
28.272,20.03452
28.280,18.89558
28.288,17.72034
28.296,16.49666
28.304,15.21058
28.312,13.85026
28.320,12.40957
28.328,10.89089
28.336,9.30673
28.344,7.67994
28.352,6.04240
28.360,4.43249
28.368,2.89166
28.376,1.46039
28.384,0.17434
28.392,-0.93917
28.400,-1.86371
28.408,-2.59518
28.416,-3.14196
28.424,-3.52398
28.432,-3.77062
28.440,-3.91800
28.448,-4.00581
28.456,-4.07406
28.464,-4.16011
28.472,-4.29620
28.480,-4.50744
28.488,-4.81069
28.496,-5.21400
28.504,-5.71687
28.512,-6.31106
28.520,-6.98197
28.528,-7.71017
28.536,-8.47324
28.544,-9.24745
28.552,-10.00943
28.560,-10.73767
28.568,-11.41378
28.576,-12.02338
28.584,-12.55669
28.592,-13.00878
28.600,-13.37933
28.608,-13.67216
28.616,-13.89434
28.624,-14.05507
28.632,-14.16449
28.640,-14.23252
28.648,-14.26802
28.656,-14.27831
28.664,-14.26916
28.672,-14.24498
28.680,-14.20926
28.688,-14.16498
28.696,-14.11484
28.704,-14.06141
28.712,-14.00683
28.720,-13.95246
28.728,-13.89806
28.736,-13.84102
28.744,-13.77540
28.752,-13.69106
28.760,-13.57301
28.768,-13.40109
28.776,-13.15009
28.784,-12.79036
28.792,-12.28902
28.800,-11.61172
28.808,-10.72483
28.816,-9.59811
28.824,-8.20752
28.832,-6.53799
28.840,-4.58589
28.848,-2.36100
28.856,0.11231
28.864,2.79488
28.872,5.63359
28.880,8.56336
28.888,11.51021
28.896,14.39523
28.904,17.13914
28.912,19.66709
28.920,21.91346
28.928,23.82591
28.936,25.36850
28.944,26.52339
28.952,27.29100
28.960,27.68857
28.968,27.74745
28.976,27.50927
28.984,27.02151
28.992,26.33296
29.000,25.48954
29.008,24.53085
29.016,23.48780
29.024,22.38150
29.032,21.22342
29.040,20.01671
29.048,18.75829
29.056,17.44162
29.064,16.05961
29.072,14.60754
29.080,13.08552
29.088,11.50031
29.096,9.86637
29.104,8.20581
29.112,6.54754
29.120,4.92542
29.128,3.37579
29.136,1.93455
29.144,0.63391
29.152,-0.50059
29.160,-1.45283
29.168,-2.21799
29.176,-2.80353
29.184,-3.22894
29.192,-3.52432
29.200,-3.72785
29.208,-3.88241
29.216,-4.03181
29.224,-4.21700
29.232,-4.47259
29.240,-4.82418
29.248,-5.28661
29.256,-5.86326
29.264,-6.54658
29.272,-7.31959
29.280,-8.15823
29.288,-9.03414
29.296,-9.91748
29.304,-10.77964
29.312,-11.59530
29.320,-12.34405
29.328,-13.01118
29.336,-13.58794
29.344,-14.07118
29.352,-14.46264
29.360,-14.76797
29.368,-14.99565
29.376,-15.15593
29.384,-15.25987
29.392,-15.31852
29.400,-15.34229
29.408,-15.34053
29.416,-15.32131
29.424,-15.29141
29.432,-15.25639
29.440,-15.22080
29.448,-15.18831
29.456,-15.16198
29.464,-15.14427
29.472,-15.13700
29.480,-15.14114
29.488,-15.15624
29.496,-15.17976
29.504,-15.20624
29.512,-15.22642
29.520,-15.22650
29.528,-15.18764
29.536,-15.08581
29.544,-14.89209
29.552,-14.57357
29.560,-14.09492
29.568,-13.42041
29.576,-12.51648
29.584,-11.35429
29.592,-9.91247
29.600,-8.17940
29.608,-6.15538
29.616,-3.85406
29.624,-1.30342
29.632,1.45421
29.640,4.36299
29.648,7.35559
29.656,10.35625
29.664,13.28482
29.672,16.06152
29.680,18.61197
29.688,20.87204
29.696,22.79187
29.704,24.33880
29.712,25.49871
29.720,26.27579
29.728,26.69085
29.736,26.77823
29.744,26.58176
29.752,26.15010
29.760,25.53205
29.768,24.77221
29.776,23.90760
29.784,22.96543
29.792,21.96223
29.800,20.90444
29.808,19.79023
29.816,18.61234
29.824,17.36151
29.832,16.03009
29.840,14.61528
29.848,13.12167
29.856,11.56258
29.864,9.96014
29.872,8.34415
29.880,6.74980
29.888,5.21470
29.896,3.77556
29.904,2.46491
29.912,1.30830
29.920,0.32207
29.928,-0.48787
29.936,-1.12636
29.944,-1.60836
29.952,-1.95743
29.960,-2.20359
29.968,-2.38081
29.976,-2.52429
29.984,-2.66790
29.992,-2.84190
30.000,-3.07118
30.008,-3.37398
30.016,-3.76134
30.024,-4.23697
30.032,-4.79775
30.040,-5.43454
30.048,-6.13331
30.056,-6.87649
30.064,-7.64425
30.072,-8.41579
30.080,-9.17060
30.088,-9.88946
30.096,-10.55545
30.104,-11.15475
30.112,-11.67726
30.120,-12.11711
30.128,-12.47283
30.136,-12.74727
30.144,-12.94720
30.152,-13.08257
30.160,-13.16558
30.168,-13.20959
30.176,-13.22794
30.184,-13.23296
30.192,-13.23503
30.200,-13.24201
30.208,-13.25901
30.216,-13.28842
30.224,-13.33026
30.232,-13.38273
30.240,-13.44278
30.248,-13.50661
30.256,-13.57001
30.264,-13.62827
30.272,-13.67593
30.280,-13.70601
30.288,-13.70916
30.296,-13.67269
30.304,-13.57968
30.312,-13.40857
30.320,-13.13314
30.328,-12.72322
30.336,-12.14604
30.344,-11.36827
30.352,-10.35849
30.360,-9.09007
30.368,-7.54406
30.376,-5.71191
30.384,-3.59772
30.392,-1.21979
30.400,1.38870
30.408,4.18005
30.416,7.09346
30.424,10.05760
30.432,12.99412
30.440,15.82193
30.448,18.46196
30.456,20.84203
30.464,22.90137
30.472,24.59429
30.480,25.89278
30.488,26.78765
30.496,27.28810
30.504,27.41983
30.512,27.22161
30.520,26.74090
30.528,26.02890
30.536,25.13570
30.544,24.10606
30.552,22.97628
30.560,21.77253
30.568,20.51063
30.576,19.19736
30.584,17.83265
30.592,16.41266
30.600,14.93305
30.608,13.39213
30.616,11.79355
30.624,10.14820
30.632,8.47516
30.640,6.80135
30.648,5.16019
30.656,3.58909
30.664,2.12623
30.672,0.80686
30.680,-0.34023
30.688,-1.29587
30.696,-2.05263
30.704,-2.61586
30.712,-3.00339
30.720,-3.24403
30.728,-3.37506
30.736,-3.43911
30.744,-3.48050
30.752,-3.54176
30.760,-3.66026
30.768,-3.86560
30.776,-4.17774
30.784,-4.60605
30.792,-5.14947
30.800,-5.79736
30.808,-6.53129
30.816,-7.32714
30.824,-8.15758
30.832,-8.99439
30.840,-9.81059
30.848,-10.58215
30.856,-11.28931
30.864,-11.91745
30.872,-12.45747
30.880,-12.90585
30.888,-13.26427
30.896,-13.53893
30.904,-13.73957
30.912,-13.87834
30.920,-13.96861
30.928,-14.02377
30.936,-14.05629
30.944,-14.07696
30.952,-14.09447
30.960,-14.11533
30.968,-14.14400
30.976,-14.18324
30.984,-14.23453
30.992,-14.29846
31.000,-14.37496
31.008,-14.46331
31.016,-14.56177
31.024,-14.66699
31.032,-14.77312
31.040,-14.87093
31.048,-14.94701
31.056,-14.98324
31.064,-14.95672
31.072,-14.84002
31.080,-14.60207
31.088,-14.20935
31.096,-13.62773
31.104,-12.82463
31.112,-11.77153
31.120,-10.44667
31.128,-8.83761
31.136,-6.94344
31.144,-4.77637
31.152,-2.36246
31.160,0.25857
31.168,3.03465
31.176,5.90363
31.184,8.79628
31.192,11.63997
31.200,14.36253
31.208,16.89625
31.216,19.18152
31.224,21.17011
31.232,22.82759
31.240,24.13479
31.248,25.08809
31.256,25.69845
31.264,25.98938
31.272,25.99394
31.280,25.75121
31.288,25.30236
31.296,24.68702
31.304,23.94003
31.312,23.08909
31.320,22.15332
31.328,21.14299
31.336,20.06039
31.344,18.90167
31.352,17.65944
31.360,16.32591
31.368,14.89606
31.376,13.37048
31.384,11.75765
31.392,10.07526
31.400,8.35051
31.408,6.61909
31.416,4.92314
31.424,3.30809
31.432,1.81885
31.440,0.49571
31.448,-0.62957
31.456,-1.53713
31.464,-2.22108
31.472,-2.69039
31.480,-2.96813
31.488,-3.08934
31.496,-3.09786
31.504,-3.04239
31.512,-2.97230
31.520,-2.93363
31.528,-2.96558
31.536,-3.09799
31.544,-3.34975
31.552,-3.72840
31.560,-4.23069
31.568,-4.84405
31.576,-5.54859
31.584,-6.31947
31.592,-7.12920
31.600,-7.94989
31.608,-8.75498
31.616,-9.52076
31.624,-10.22736
31.632,-10.85957
31.640,-11.40715
31.648,-11.86501
31.656,-12.23300
31.664,-12.51544
31.672,-12.72044
31.680,-12.85886
31.688,-12.94328
31.696,-12.98690
31.704,-13.00261
31.712,-13.00216
31.720,-12.99573
31.728,-12.99152
31.736,-12.99579
31.744,-13.01286
31.752,-13.04539
31.760,-13.09456
31.768,-13.16026
31.776,-13.24107
31.784,-13.33398
31.792,-13.43389
31.800,-13.53283
31.808,-13.61919
31.816,-13.67690
31.824,-13.68485
31.832,-13.61666
31.840,-13.44094
31.848,-13.12226
31.856,-12.62282
31.864,-11.90477
31.872,-10.93310
31.880,-9.67894
31.888,-8.12276
31.896,-6.25748
31.904,-4.09081
31.912,-1.64672
31.920,1.03423
31.928,3.89595
31.936,6.86910
31.944,9.87466
31.952,12.82844
31.960,15.64619
31.968,18.24887
31.976,20.56762
31.984,22.54801
31.992,24.15308
32.000,25.36489
32.008,26.18453
32.016,26.63047
32.024,26.73561
32.032,26.54327
32.040,26.10257
32.048,25.46360
32.056,24.67287
32.064,23.76957
32.072,22.78294
32.080,21.73114
32.088,20.62147
32.096,19.45213
32.104,18.21496
32.112,16.89906
32.120,15.49464
32.128,13.99661
32.136,12.40758
32.144,10.73960
32.152,9.01470
32.160,7.26392
32.168,5.52514
32.176,3.83993
32.184,2.24993
32.192,0.79312
32.200,-0.49957
32.208,-1.60685
32.216,-2.51875
32.224,-3.23714
32.232,-3.77522
32.240,-4.15598
32.248,-4.40998
32.256,-4.57270
32.264,-4.68170
32.272,-4.77391
32.280,-4.88314
32.288,-5.03806
32.296,-5.26059
32.304,-5.56495
32.312,-5.95722
32.320,-6.43558
32.328,-6.99115
32.336,-7.60930
32.344,-8.27144
32.352,-8.95684
32.360,-9.64452
32.368,-10.31483
32.376,-10.95074
32.384,-11.53873
32.392,-12.06928
32.400,-12.53697
32.408,-12.94026
32.416,-13.28087
32.424,-13.56315
32.432,-13.79314
32.440,-13.97784
32.448,-14.12448
32.456,-14.24001
32.464,-14.33091
32.472,-14.40308
32.480,-14.46189
32.488,-14.51220
32.496,-14.55829
32.504,-14.60364
32.512,-14.65062
32.520,-14.70014
32.528,-14.75139
32.536,-14.80160
32.544,-14.84588
32.552,-14.87703
32.560,-14.88529
32.568,-14.85800
32.576,-14.77920
32.584,-14.62920
32.592,-14.38434
32.600,-14.01697
32.608,-13.49610
32.616,-12.78861
32.624,-11.86129
32.632,-10.68355
32.640,-9.23065
32.648,-7.48709
32.656,-5.44999
32.664,-3.13177
32.672,-0.56179
32.680,2.21356
32.688,5.13245
32.696,8.12081
32.704,11.09676
32.712,13.97594
32.720,16.67693
32.728,19.12660
32.736,21.26457
32.744,23.04669
32.752,24.44721
32.760,25.45941
32.768,26.09483
32.776,26.38100
32.784,26.35793
32.792,26.07376
32.800,25.57982
32.808,24.92586
32.816,24.15570
32.824,23.30400
32.832,22.39432
32.840,21.43869
32.848,20.43854
32.856,19.38685
32.864,18.27117
32.872,17.07714
32.880,15.79212
32.888,14.40844
32.896,12.92596
32.904,11.35374
32.912,9.71051
32.920,8.02394
32.928,6.32893
32.936,4.66483
32.944,3.07220
32.952,1.58929
32.960,0.24869
32.968,-0.92543
32.976,-1.91917
32.984,-2.72982
32.992,-3.36564
33.000,-3.84483
33.008,-4.19368
33.016,-4.44431
33.024,-4.63201
33.032,-4.79263
33.040,-4.95996
33.048,-5.16351
33.056,-5.42666
33.064,-5.76547
33.072,-6.18807
33.080,-6.69462
33.088,-7.27795
33.096,-7.92458
33.104,-8.61617
33.112,-9.33123
33.120,-10.04698
33.128,-10.74110
33.136,-11.39342
33.144,-11.98727
33.152,-12.51051
33.160,-12.95606
33.168,-13.32193
33.176,-13.61089
33.184,-13.82958
33.192,-13.98746
33.200,-14.09556
33.208,-14.16521
33.216,-14.20695
33.224,-14.22974
33.232,-14.24038
33.240,-14.24340
33.248,-14.24117
33.256,-14.23439
33.264,-14.22258
33.272,-14.20477
33.280,-14.17985
33.288,-14.14687
33.296,-14.10490
33.304,-14.05253
33.312,-13.98708
33.320,-13.90353
33.328,-13.79332
33.336,-13.64340
33.344,-13.43549
33.352,-13.14605
33.360,-12.74673
33.368,-12.20558
33.376,-11.48882
33.384,-10.56308
33.392,-9.39809
33.400,-7.96958
33.408,-6.26221
33.416,-4.27234
33.424,-2.01029
33.432,0.49828
33.440,3.21195
33.448,6.07446
33.456,9.01701
33.464,11.96170
33.472,14.82616
33.480,17.52872
33.488,19.99384
33.496,22.15718
33.504,23.96970
33.512,25.40043
33.520,26.43769
33.528,27.08857
33.536,27.37683
33.544,27.33955
33.552,27.02284
33.560,26.47715
33.568,25.75262
33.576,24.89493
33.584,23.94192
33.592,22.92135
33.600,21.84994
33.608,20.73380
33.616,19.57018
33.624,18.35033
33.632,17.06293
33.640,15.69780
33.648,14.24924
33.656,12.71868
33.664,11.11633
33.672,9.46163
33.680,7.78247
33.688,6.11342
33.696,4.49302
33.704,2.96062
33.712,1.55304
33.720,0.30135
33.728,-0.77176
33.736,-1.65394
33.744,-2.34408
33.752,-2.85246
33.760,-3.19980
33.768,-3.41567
33.776,-3.53608
33.784,-3.60082
33.792,-3.65045
33.800,-3.72352
33.808,-3.85402
33.816,-4.06926
33.824,-4.38833
33.832,-4.82102
33.840,-5.36744
33.848,-6.01834
33.856,-6.75610
33.864,-7.55645
33.872,-8.39073
33.880,-9.22858
33.888,-10.04063
33.896,-10.80097
33.904,-11.48911
33.912,-12.09121
33.920,-12.60048
33.928,-13.01697
33.936,-13.34653
33.944,-13.59940
33.952,-13.78850
33.960,-13.92767
33.968,-14.03006
33.976,-14.10689
33.984,-14.16660
33.992,-14.21458
34.000,-14.25337
34.008,-14.28339
34.016,-14.30392
34.024,-14.31420
34.032,-14.31427
34.040,-14.30536
34.048,-14.28984
34.056,-14.27044
34.064,-14.24920
34.072,-14.22620
34.080,-14.19822
34.088,-14.15768
34.096,-14.09196
34.104,-13.98312
34.112,-13.80819
34.120,-13.53990
34.128,-13.14785
34.136,-12.60010
34.144,-11.86507
34.152,-10.91360
34.160,-9.72129
34.168,-8.27077
34.176,-6.55378
34.184,-4.57303
34.192,-2.34353
34.200,0.10669
34.208,2.73672
34.216,5.49383
34.224,8.31539
34.232,11.13169
34.240,13.86947
34.248,16.45596
34.256,18.82312
34.264,20.91181
34.272,22.67545
34.280,24.08278
34.288,25.11946
34.296,25.78830
34.304,26.10792
34.312,26.11016
34.320,25.83629
34.328,25.33274
34.336,24.64659
34.344,23.82140
34.352,22.89389
34.360,21.89165
34.368,20.83216
34.376,19.72318
34.384,18.56434
34.392,17.34966
34.400,16.07071
34.408,14.71996
34.416,13.29389
34.424,11.79552
34.432,10.23600
34.440,8.63505
34.448,7.02017
34.456,5.42486
34.464,3.88584
34.472,2.43997
34.480,1.12094
34.488,-0.04376
34.496,-1.03531
34.504,-1.84537
34.512,-2.47685
34.520,-2.94375
34.528,-3.27001
34.536,-3.48740
34.544,-3.63284
34.552,-3.74530
34.560,-3.86266
34.568,-4.01880
34.576,-4.24122
34.584,-4.54927
34.592,-4.95323
34.600,-5.45423
34.608,-6.04489
34.616,-6.71073
34.624,-7.43189
34.632,-8.18525
34.640,-8.94653
34.648,-9.69237
34.656,-10.40211
34.664,-11.05914
34.672,-11.65177
34.680,-12.17343
34.688,-12.62227
34.696,-13.00037
34.704,-13.31267
34.712,-13.56586
34.720,-13.76737
34.728,-13.92460
34.736,-14.04446
34.744,-14.13302
34.752,-14.19547
34.760,-14.23610
34.768,-14.25850
34.776,-14.26564
34.784,-14.26009
34.792,-14.24409
34.800,-14.21967
34.808,-14.18864
34.816,-14.15247
34.824,-14.11201
34.832,-14.06696
34.840,-14.01518
34.848,-13.95189
34.856,-13.86881
34.864,-13.75341
34.872,-13.58832
34.880,-13.35112
34.888,-13.01467
34.896,-12.54805
34.904,-11.91821
34.912,-11.09225
34.920,-10.04011
34.928,-8.73770
34.936,-7.16985
34.944,-5.33302
34.952,-3.23734
34.960,-0.90763
34.968,1.61676
34.976,4.28346
34.984,7.02972
34.992,9.78592
35.000,12.47964
35.008,15.03968
35.016,17.39998
35.024,19.50311
35.032,21.30306
35.040,22.76744
35.048,23.87874
35.056,24.63471
35.064,25.04773
35.072,25.14304
35.080,24.95611
35.088,24.52909
35.096,23.90698
35.104,23.13359
35.112,22.24806
35.120,21.28200
35.128,20.25784
35.136,19.18843
35.144,18.07790
35.152,16.92366
35.160,15.71918
35.168,14.45721
35.176,13.13291
35.184,11.74656
35.192,10.30555
35.200,8.82522
35.208,7.32866
35.216,5.84526
35.224,4.40838
35.232,3.05231
35.240,1.80907
35.248,0.70526
35.256,-0.24052
35.264,-1.01951
35.272,-1.63360
35.280,-2.09516
35.288,-2.42580
35.296,-2.65431
35.304,-2.81407
35.312,-2.94017
35.320,-3.06668
35.328,-3.22406
35.336,-3.43720
35.344,-3.72401
35.352,-4.09460
35.360,-4.55118
35.368,-5.08859
35.376,-5.69531
35.384,-6.35502
35.392,-7.04827
35.400,-7.75438
35.408,-8.45310
35.416,-9.12607
35.424,-9.75795
35.432,-10.33698
35.440,-10.85521
35.448,-11.30829
35.456,-11.69500
35.464,-12.01664
35.472,-12.27636
35.480,-12.47865
35.488,-12.62888
35.496,-12.73315
35.504,-12.79816
35.512,-12.83120
35.520,-12.84005
35.528,-12.83274
35.536,-12.81727
35.544,-12.80113
35.552,-12.79083
35.560,-12.79138
35.568,-12.80592
35.576,-12.83536
35.584,-12.87815
35.592,-12.93002
35.600,-12.98379
35.608,-13.02900
35.616,-13.05165
35.624,-13.03397
35.632,-12.95433
35.640,-12.78739
35.648,-12.50464
35.656,-12.07524
35.664,-11.46744
35.672,-10.65043
35.680,-9.59657
35.688,-8.28403
35.696,-6.69944
35.704,-4.84043
35.712,-2.71774
35.720,-0.35649
35.728,2.20358
35.736,4.90907
35.744,7.69516
35.752,10.48897
35.760,13.21377
35.768,15.79365
35.776,18.15826
35.784,20.24729
35.792,22.01414
35.800,23.42839
35.808,24.47701
35.816,25.16396
35.824,25.50842
35.832,25.54181
35.840,25.30393
35.848,24.83870
35.856,24.18998
35.864,23.39797
35.872,22.49633
35.880,21.51055
35.888,20.45725
35.896,19.34478
35.904,18.17466
35.912,16.94387
35.920,15.64763
35.928,14.28218
35.936,12.84744
35.944,11.34904
35.952,9.79947
35.960,8.21838
35.968,6.63173
35.976,5.07007
35.984,3.56611
35.992,2.15193
36.000,0.85626
36.008,-0.29795
36.016,-1.29526
36.024,-2.12882
36.032,-2.80067
36.040,-3.32138
36.048,-3.70912
36.056,-3.98826
36.064,-4.18768
36.072,-4.33877
36.080,-4.47339
36.088,-4.62178
36.096,-4.81063
36.104,-5.06146
36.112,-5.38944
36.120,-5.80268
36.128,-6.30210
36.136,-6.88182
36.144,-7.52998
36.152,-8.22991
36.160,-8.96148
36.168,-9.70254
36.176,-10.43036
36.184,-11.12301
36.192,-11.76070
36.200,-12.32696
36.208,-12.80954
36.216,-13.20101
36.224,-13.49899
36.232,-13.70600
36.240,-13.82896
36.248,-13.87858
36.256,-13.86847
36.264,-13.81419
36.272,-13.73225
36.280,-13.63905
36.288,-13.54982
36.296,-13.47773
36.304,-13.43301
36.312,-13.42240
36.320,-13.44868
36.328,-13.51048
36.336,-13.60223
36.344,-13.71434
36.352,-13.83342
36.360,-13.94276
36.368,-14.02272
36.376,-14.05123
36.384,-14.00417
36.392,-13.85577
36.400,-13.57901
36.408,-13.14607
36.416,-12.52911
36.424,-11.70138
36.432,-10.63878
36.440,-9.32190
36.448,-7.73827
36.456,-5.88476
36.464,-3.76973
36.472,-1.41458
36.480,1.14552
36.488,3.86207
36.496,6.67473
36.504,9.51404
36.512,12.30518
36.520,14.97236
36.528,17.44359
36.536,19.65528
36.544,21.55625
36.552,23.11072
36.560,24.30004
36.568,25.12288
36.576,25.59406
36.584,25.74205
36.592,25.60557
36.600,25.22958
36.608,24.66104
36.616,23.94490
36.624,23.12059
36.632,22.21931
36.640,21.26243
36.648,20.26092
36.656,19.21609
36.664,18.12136
36.672,16.96503
36.680,15.73372
36.688,14.41599
36.696,13.00574
36.704,11.50480
36.712,9.92446
36.720,8.28576
36.728,6.61846
36.736,4.95906
36.744,3.34794
36.752,1.82600
36.760,0.43122
36.768,-0.80466
36.776,-1.85885
36.784,-2.71947
36.792,-3.38651
36.800,-3.87175
36.808,-4.19770
36.816,-4.39561
36.824,-4.50286
36.832,-4.55976
36.840,-4.60639
36.848,-4.67945
36.856,-4.80974
36.864,-5.02026
36.872,-5.32517
36.880,-5.72949
36.888,-6.22957
36.896,-6.81423
36.904,-7.46618
36.912,-8.16394
36.920,-8.88363
36.928,-9.60096
36.936,-10.29289
36.944,-10.93917
36.952,-11.52348
36.960,-12.03429
36.968,-12.46522
36.976,-12.81503
36.984,-13.08725
36.992,-13.28940
37.000,-13.43201
37.008,-13.52743
37.016,-13.58858
37.024,-13.62771
37.032,-13.65547
37.040,-13.68010
37.048,-13.70713
37.056,-13.73934
37.064,-13.77708
37.072,-13.81884
37.080,-13.86181
37.088,-13.90238
37.096,-13.93630
37.104,-13.95863
37.112,-13.96319
37.120,-13.94181
37.128,-13.88342
37.136,-13.77309
37.144,-13.59144
37.152,-13.31441
37.160,-12.91379
37.168,-12.35847
37.176,-11.61636
37.184,-10.65694
37.192,-9.45413
37.200,-7.98929
37.208,-6.25388
37.216,-4.25162
37.224,-1.99987
37.232,0.46992
37.240,3.11274
37.248,5.87167
37.256,8.68038
37.264,11.46650
37.272,14.15566
37.280,16.67578
37.288,18.96149
37.296,20.95808
37.304,22.62476
37.312,23.93679
37.320,24.88634
37.328,25.48205
37.336,25.74720
37.344,25.71676
37.352,25.43348
37.360,24.94355
37.368,24.29221
37.376,23.51982
37.384,22.65881
37.392,21.73175
37.400,20.75085
37.408,19.71877
37.416,18.63059
37.424,17.47671
37.432,16.24612
37.440,14.92969
37.448,13.52299
37.456,12.02845
37.464,10.45659
37.472,8.82632
37.480,7.16432
37.488,5.50358
37.496,3.88128
37.504,2.33610
37.512,0.90524
37.520,-0.37863
37.528,-1.49023
37.536,-2.41402
37.544,-3.14572
37.552,-3.69288
37.560,-4.07439
37.568,-4.31900
37.576,-4.46300
37.584,-4.54716
37.592,-4.61347
37.600,-4.70167
37.608,-4.84611
37.616,-5.07315
37.624,-5.39942
37.632,-5.83096
37.640,-6.36352
37.648,-6.98385
37.656,-7.67162
37.664,-8.40198
37.672,-9.14816
37.680,-9.88403
37.688,-10.58617
37.696,-11.23555
37.704,-11.81841
37.712,-12.32653
37.720,-12.75693
37.728,-13.11103
37.736,-13.39358
37.744,-13.61142
37.752,-13.77231
37.760,-13.88406
37.768,-13.95398
37.776,-13.98877
37.784,-13.99469
37.792,-13.97784
37.800,-13.94450
37.808,-13.90125
37.816,-13.85488
37.824,-13.81200
37.832,-13.77841
37.840,-13.75843
37.848,-13.75400
37.856,-13.76398
37.864,-13.78346
37.872,-13.80318
37.880,-13.80915
37.888,-13.78254
37.896,-13.69979
37.904,-13.53324
37.912,-13.25219
37.920,-12.82436
37.928,-12.21777
37.936,-11.40283
37.944,-10.35444
37.952,-9.05401
37.960,-7.49129
37.968,-5.66588
37.976,-3.58832
37.984,-1.28082
37.992,1.22253
38.000,3.87613
38.008,6.62404
38.016,9.40197
38.024,12.14019
38.032,14.76711
38.040,17.21338
38.048,19.41622
38.056,21.32343
38.064,22.89669
38.072,24.11381
38.080,24.96957
38.088,25.47505
38.096,25.65569
38.104,25.54813
38.112,25.19617
38.120,24.64638
38.128,23.94367
38.136,23.12745
38.144,22.22871
38.152,21.26838
38.160,20.25702
38.168,19.19582
38.176,18.07869
38.184,16.89528
38.192,15.63432
38.200,14.28705
38.208,12.85025
38.216,11.32848
38.224,9.73523
38.232,8.09280
38.240,6.43112
38.248,4.78536
38.256,3.19302
38.264,1.69074
38.272,0.31133
38.280,-0.91875
38.288,-1.98113
38.296,-2.86669
38.304,-3.57589
38.312,-4.11847
38.320,-4.51268
38.328,-4.78381
38.336,-4.96235
38.344,-5.08176
38.352,-5.17599
38.360,-5.27705
38.368,-5.41291
38.376,-5.60572
38.384,-5.87078
38.392,-6.21602
38.400,-6.64212
38.408,-7.14308
38.416,-7.70726
38.424,-8.31857
38.432,-8.95794
38.440,-9.60478
38.448,-10.23855
38.456,-10.84019
38.464,-11.39344
38.472,-11.88593
38.480,-12.30992
38.488,-12.66262
38.496,-12.94600
38.504,-13.16608
38.512,-13.33181
38.520,-13.45359
38.528,-13.54181
38.536,-13.60544
38.544,-13.65102
38.552,-13.68219
38.560,-13.69977
38.568,-13.70228
38.576,-13.68692
38.584,-13.65054
38.592,-13.59062
38.600,-13.50585
38.608,-13.39637
38.616,-13.26352
38.624,-13.10916
38.632,-12.93463
38.640,-12.73954
38.648,-12.52044
38.656,-12.26968
38.664,-11.97444
38.672,-11.61616
38.680,-11.17054
38.688,-10.60817
38.696,-9.89602
38.704,-8.99981
38.712,-7.88713
38.720,-6.53106
38.728,-4.91398
38.736,-3.03091
38.744,-0.89201
38.752,1.47627
38.760,4.03156
38.768,6.71741
38.776,9.46646
38.784,12.20459
38.792,14.85552
38.800,17.34560
38.808,19.60829
38.816,21.58807
38.824,23.24359
38.832,24.54966
38.840,25.49807
38.848,26.09700
38.856,26.36911
38.864,26.34853
38.872,26.07685
38.880,25.59879
38.888,24.95770
38.896,24.19187
38.904,23.33158
38.912,22.39755
38.920,21.40069
38.928,20.34315
38.936,19.22036
38.944,18.02393
38.952,16.74488
38.960,15.37684
38.968,13.91877
38.976,12.37699
38.984,10.76612
38.992,9.10907
39.000,7.43593
39.008,5.78197
39.016,4.18494
39.024,2.68196
39.032,1.30642
39.040,0.08516
39.048,-0.96365
39.056,-1.83188
39.064,-2.52192
39.072,-3.04626
39.080,-3.42627
39.088,-3.69043
39.096,-3.87204
39.104,-4.00670
39.112,-4.12982
39.120,-4.27423
39.128,-4.46809
39.136,-4.73324
39.144,-5.08409
39.152,-5.52718
39.160,-6.06133
39.168,-6.67830
39.176,-7.36409
39.184,-8.10042
39.192,-8.86642
39.200,-9.64028
39.208,-10.40070
39.216,-11.12817
39.224,-11.80583
39.232,-12.42022
39.240,-12.96159
39.248,-13.42414
39.256,-13.80591
39.264,-14.10851
39.272,-14.33662
39.280,-14.49731
39.288,-14.59937
39.296,-14.65251
39.304,-14.66672
39.312,-14.65175
39.320,-14.61671
39.328,-14.56983
39.336,-14.51831
39.344,-14.46820
39.352,-14.42427
39.360,-14.38987
39.368,-14.36673
39.376,-14.35468
39.384,-14.35129
39.392,-14.35144
39.400,-14.34687
39.408,-14.32578
39.416,-14.27268
39.424,-14.16835
39.432,-13.99013
39.440,-13.71245
39.448,-13.30760
39.456,-12.74670
39.464,-12.00106
39.472,-11.04375
39.480,-9.85159
39.488,-8.40744
39.496,-6.70255
39.504,-4.73880
39.512,-2.53050
39.520,-0.10540
39.528,2.49540
39.536,5.21853
39.544,8.00070
39.552,10.77186
39.560,13.45915
39.568,15.99113
39.576,18.30208
39.584,20.33603
39.592,22.04996
39.600,23.41618
39.608,24.42318
39.616,25.07537
39.624,25.39139
39.632,25.40152
39.640,25.14420
39.648,24.66222
39.656,23.99881
39.664,23.19413
39.672,22.28249
39.680,21.29046
39.688,20.23618
39.696,19.12964
39.704,17.97402
39.712,16.76774
39.720,15.50699
39.728,14.18829
39.736,12.81091
39.744,11.37882
39.752,9.90196
39.760,8.39670
39.768,6.88548
39.776,5.39558
39.784,3.95722
39.792,2.60118
39.800,1.35618
39.808,0.24642
39.816,-0.71056
39.824,-1.50542
39.832,-2.13781
39.840,-2.61652
39.848,-2.95876
39.856,-3.18892
39.864,-3.33683
39.872,-3.43560
39.880,-3.51933
39.888,-3.62077
39.896,-3.76916
39.904,-3.98831
39.912,-4.29526
39.920,-4.69932
39.928,-5.20182
39.936,-5.79643
39.944,-6.46993
39.952,-7.20352
39.960,-7.97433
39.968,-8.75717
39.976,-9.52641
39.984,-10.25773
39.992,-10.92979
40.000,-11.52554
40.008,-12.03311
40.016,-12.44628
40.024,-12.76439
40.032,-12.99189
40.040,-13.13746
40.048,-13.21297
40.056,-13.23233
40.064,-13.21037
40.072,-13.16188
40.080,-13.10084
40.088,-13.03980
40.096,-12.98945
40.104,-12.95826
40.112,-12.95208
40.120,-12.97392
40.128,-13.02363
40.136,-13.09773
40.144,-13.18945
40.152,-13.28881
40.160,-13.38295
40.168,-13.45647
40.176,-13.49179
40.184,-13.46937
40.192,-13.36804
40.200,-13.16513
40.208,-12.83683
40.216,-12.35863
40.224,-11.70608
40.232,-10.85587
40.240,-9.78731
40.248,-8.48416
40.256,-6.93657
40.264,-5.14303
40.272,-3.11197
40.280,-0.86283
40.288,1.57351
40.296,4.15511
40.304,6.83007
40.312,9.53841
40.320,12.21460
40.328,14.79076
40.336,17.20013
40.344,19.38079
40.352,21.27942
40.360,22.85447
40.368,24.07871
40.376,24.94067
40.384,25.44487
40.392,25.61080
40.400,25.47060
40.408,25.06576
40.416,24.44305
40.424,23.65018
40.432,22.73166
40.440,21.72532
40.448,20.65993
40.456,19.55397
40.464,18.41586
40.472,17.24540
40.480,16.03632
40.488,14.77942
40.496,13.46598
40.504,12.09098
40.512,10.65578
40.520,9.16986
40.528,7.65155
40.536,6.12738
40.544,4.63034
40.552,3.19699
40.560,1.86404
40.568,0.66463
40.576,-0.37499
40.584,-1.23824
40.592,-1.91993
40.600,-2.42692
40.608,-2.77756
40.616,-3.00002
40.624,-3.12985
40.632,-3.20683
40.640,-3.27160
40.648,-3.36240
40.656,-3.51210
40.664,-3.74598
40.672,-4.08021
40.680,-4.52130
40.688,-5.06633
40.696,-5.70394
40.704,-6.41587
40.712,-7.17892
40.720,-7.96704
40.728,-8.75347
40.736,-9.51270
40.744,-10.22218
40.752,-10.86359
40.760,-11.42384
40.768,-11.89548
40.776,-12.27671
40.784,-12.57099
40.792,-12.78612
40.800,-12.93313
40.808,-13.02491
40.816,-13.07481
40.824,-13.09544
40.832,-13.09769
40.840,-13.09017
40.848,-13.07908
40.856,-13.06848
40.864,-13.06077
40.872,-13.05739
40.880,-13.05935
40.888,-13.06765
40.896,-13.08339
40.904,-13.10750
40.912,-13.14015
40.920,-13.17988
40.928,-13.22254
40.936,-13.26017
40.944,-13.28011
40.952,-13.26430
40.960,-13.18912
40.968,-13.02571
40.976,-12.74092
40.984,-12.29884
40.992,-11.66277
41.000,-10.79780
41.008,-9.67354
41.016,-8.26709
41.024,-6.56608
41.032,-4.57132
41.040,-2.29896
41.048,0.21838
41.056,2.93174
41.064,5.77751
41.072,8.68051
41.080,11.55842
41.088,14.32698
41.096,16.90549
41.104,19.22202
41.112,21.21794
41.120,22.85134
41.128,24.09912
41.136,24.95755
41.144,25.44118
41.152,25.58043
41.160,25.41780
41.168,25.00335
41.176,24.38975
41.184,23.62740
41.192,22.76024
41.200,21.82247
41.208,20.83682
41.216,19.81418
41.224,18.75489
41.232,17.65121
41.240,16.49076
41.248,15.26025
41.256,13.94926
41.264,12.55332
41.272,11.07620
41.280,9.53100
41.288,7.94004
41.296,6.33355
41.304,4.74735
41.312,3.21986
41.320,1.78877
41.328,0.48776
41.336,-0.65631
41.344,-1.62560
41.352,-2.41266
41.360,-3.02093
41.368,-3.46438
41.376,-3.76626
41.384,-3.95717
41.392,-4.07246
41.400,-4.14946
41.408,-4.22455
41.416,-4.33049
41.424,-4.49418
41.432,-4.73510
41.440,-5.06444
41.448,-5.48506
41.456,-5.99211
41.464,-6.57415
41.472,-7.21467
41.480,-7.89381
41.488,-8.59001
41.496,-9.28170
41.504,-9.94866
41.512,-10.57317
41.520,-11.14095
41.528,-11.64166
41.536,-12.06920
41.544,-12.42166
41.552,-12.70098
41.560,-12.91245
41.568,-13.06394
41.576,-13.16515
41.584,-13.22669
41.592,-13.25935
41.600,-13.27343
41.608,-13.27810
41.616,-13.28097
41.624,-13.28784
41.632,-13.30250
41.640,-13.32673
41.648,-13.36042
41.656,-13.40176
41.664,-13.44744
41.672,-13.49290
41.680,-13.53240
41.688,-13.55896
41.696,-13.56412
41.704,-13.53747
41.712,-13.46605
41.720,-13.33372
41.728,-13.12071
41.736,-12.80338
41.744,-12.35463
41.752,-11.74478
41.760,-10.94328
41.768,-9.92100
41.776,-8.65299
41.784,-7.12158
41.792,-5.31927
41.800,-3.25123
41.808,-0.93698
41.816,1.58893
41.824,4.27749
41.832,7.06692
41.840,9.88570
41.848,12.65645
41.856,15.30064
41.864,17.74352
41.872,19.91900
41.880,21.77386
41.888,23.27107
41.896,24.39177
41.904,25.13568
41.912,25.51993
41.920,25.57647
41.928,25.34826
41.936,24.88482
41.944,24.23739
41.952,23.45436
41.960,22.57735
41.968,21.63840
41.976,20.65840
41.984,19.64706
41.992,18.60401
42.000,17.52121
42.008,16.38595
42.016,15.18443
42.024,13.90511
42.032,12.54182
42.040,11.09594
42.048,9.57766
42.056,8.00612
42.064,6.40849
42.072,4.81803
42.080,3.27150
42.088,1.80611
42.096,0.45642
42.104,-0.74847
42.112,-1.78726
42.120,-2.64805
42.128,-3.32924
42.136,-3.83960
42.144,-4.19757
42.152,-4.42984
42.160,-4.56929
42.168,-4.65244
42.176,-4.71664
42.184,-4.79725
42.192,-4.92499
42.200,-5.12388
42.208,-5.40982
42.216,-5.78996
42.224,-6.26280
42.232,-6.81906
42.240,-7.44306
42.248,-8.11453
42.256,-8.81057
42.264,-9.50770
42.272,-10.18370
42.280,-10.81916
42.288,-11.39859
42.296,-11.91112
42.304,-12.35058
42.312,-12.71527
42.320,-13.00725
42.328,-13.23148
42.336,-13.39492
42.344,-13.50570
42.352,-13.57245
42.360,-13.60387
42.368,-13.60838
42.376,-13.59398
42.384,-13.56808
42.392,-13.53737
42.400,-13.50760
42.408,-13.48332
42.416,-13.46763
42.424,-13.46184
42.432,-13.46531
42.440,-13.47525
42.448,-13.48655
42.456,-13.49158
42.464,-13.47984
42.472,-13.43760
42.480,-13.34751
42.488,-13.18840
42.496,-12.93535
42.504,-12.56031
42.512,-12.03316
42.520,-11.32339
42.528,-10.40212
42.536,-9.24441
42.544,-7.83167
42.552,-6.15394
42.560,-4.21199
42.568,-2.01895
42.576,0.39872
42.584,3.00111
42.592,5.73578
42.600,8.53980
42.608,11.34281
42.616,14.07090
42.624,16.65106
42.632,19.01561
42.640,21.10644
42.648,22.87840
42.656,24.30173
42.664,25.36318
42.672,26.06573
42.680,26.42703
42.688,26.47670
42.696,26.25294
42.704,25.79867
42.712,25.15766
42.720,24.37094
42.728,23.47388
42.736,22.49409
42.744,21.45037
42.752,20.35265
42.760,19.20299
42.768,17.99734
42.776,16.72807
42.784,15.38680
42.792,13.96744
42.800,12.46886
42.808,10.89703
42.816,9.26622
42.824,7.59913
42.832,5.92592
42.840,4.28219
42.848,2.70612
42.856,1.23521
42.864,-0.09711
42.872,-1.26440
42.880,-2.24951
42.888,-3.04595
42.896,-3.65831
42.904,-4.10178
42.912,-4.40079
42.920,-4.58700
42.928,-4.69682
42.936,-4.76863
42.944,-4.83999
42.952,-4.94498
42.960,-5.11189
42.968,-5.36154
42.976,-5.70621
42.984,-6.14930
42.992,-6.68566
43.000,-7.30254
43.008,-7.98102
43.016,-8.69784
43.024,-9.42741
43.032,-10.14397
43.040,-10.82357
43.048,-11.44585
43.056,-11.99532
43.064,-12.46216
43.072,-12.84238
43.080,-13.13745
43.088,-13.35355
43.096,-13.50044
43.104,-13.59024
43.112,-13.63613
43.120,-13.65117
43.128,-13.64725
43.136,-13.63437
43.144,-13.62012
43.152,-13.60952
43.160,-13.60517
43.168,-13.60763
43.176,-13.61603
43.184,-13.62866
43.192,-13.64346
43.200,-13.65835
43.208,-13.67116
43.216,-13.67932
43.224,-13.67916
43.232,-13.66494
43.240,-13.62777
43.248,-13.55447
43.256,-13.42680
43.264,-13.22104
43.272,-12.90830
43.280,-12.45554
43.288,-11.82738
43.296,-10.98859
43.304,-9.90720
43.312,-8.55779
43.320,-6.92477
43.328,-5.00519
43.336,-2.81062
43.344,-0.36809
43.352,2.28030
43.360,5.07891
43.368,7.96120
43.376,10.85321
43.384,13.67767
43.392,16.35843
43.400,18.82484
43.408,21.01579
43.416,22.88315
43.424,24.39424
43.432,25.53317
43.440,26.30084
43.448,26.71363
43.456,26.80086
43.464,26.60144
43.472,26.15989
43.480,25.52232
43.488,24.73254
43.496,23.82888
43.504,22.84185
43.512,21.79294
43.520,20.69455
43.528,19.55099
43.536,18.36035
43.544,17.11702
43.552,15.81431
43.560,14.44708
43.568,13.01401
43.576,11.51916
43.584,9.97301
43.592,8.39263
43.600,6.80119
43.608,5.22670
43.616,3.70027
43.624,2.25388
43.632,0.91789
43.640,-0.28139
43.648,-1.32410
43.656,-2.19876
43.664,-2.90367
43.672,-3.44747
43.680,-3.84890
43.688,-4.13549
43.696,-4.34133
43.704,-4.50428
43.712,-4.66259
43.720,-4.85160
43.728,-5.10076
43.736,-5.43127
43.744,-5.85459
43.752,-6.37209
43.760,-6.97552
43.768,-7.64859
43.776,-8.36917
43.784,-9.11193
43.792,-9.85102
43.800,-10.56249
43.808,-11.22604
43.816,-11.82621
43.824,-12.35281
43.832,-12.80093
43.840,-13.17036
43.848,-13.46482
43.856,-13.69102
43.864,-13.85761
43.872,-13.97418
43.880,-14.05045
43.888,-14.09555
43.896,-14.11765
43.904,-14.12370
43.912,-14.11945
43.920,-14.10956
43.928,-14.09773
43.936,-14.08696
43.944,-14.07960
43.952,-14.07742
43.960,-14.08144
43.968,-14.09170
43.976,-14.10681
43.984,-14.12341
43.992,-14.13560
44.000,-14.13438
44.008,-14.10718
44.016,-14.03755
44.024,-13.90510
44.032,-13.68573
44.040,-13.35214
44.048,-12.87476
44.056,-12.22317
44.064,-11.36790
44.072,-10.28271
44.080,-8.94709
44.088,-7.34882
44.096,-5.48639
44.104,-3.37079
44.112,-1.02659
44.120,1.50812
44.128,4.18290
44.136,6.93720
44.144,9.70365
44.152,12.41191
44.160,14.99278
44.168,17.38213
44.176,19.52441
44.184,21.37553
44.192,22.90478
44.200,24.09596
44.208,24.94747
44.216,25.47137
44.224,25.69155
44.232,25.64108
44.240,25.35894
44.248,24.88636
44.256,24.26315
44.264,23.52444
44.272,22.69818
44.280,21.80367
44.288,20.85126
44.296,19.84326
44.304,18.77577
44.312,17.64117
44.320,16.43097
44.328,15.13855
44.336,13.76157
44.344,12.30386
44.352,10.77651
44.360,9.19816
44.368,7.59444
44.376,5.99651
44.384,4.43884
44.392,2.95659
44.400,1.58274
44.408,0.34537
44.416,-0.73462
44.424,-1.64519
44.432,-2.38416
44.440,-2.95925
44.448,-3.38736
44.456,-3.69310
44.464,-3.90672
44.472,-4.06171
44.480,-4.19227
44.488,-4.33088
44.496,-4.50614
44.504,-4.74097
44.512,-5.05138
44.520,-5.44568
44.528,-5.92437
44.536,-6.48052
44.544,-7.10087
44.552,-7.76722
44.560,-8.45825
44.568,-9.15139
44.576,-9.82466
44.584,-10.45833
44.592,-11.03619
44.600,-11.54641
44.608,-11.98187
44.616,-12.34003
44.624,-12.62250
44.632,-12.83432
44.640,-12.98326
44.648,-13.07899
44.656,-13.13236
44.664,-13.15469
44.672,-13.15700
44.680,-13.14937
44.688,-13.14020
44.696,-13.13578
44.704,-13.13992
44.712,-13.15398
44.720,-13.17718
44.728,-13.20707
44.736,-13.24018
44.744,-13.27249
44.752,-13.29977
44.760,-13.31753
44.768,-13.32073
44.776,-13.30306
44.784,-13.25599
44.792,-13.16777
44.800,-13.02251
44.808,-12.79958
44.816,-12.47356
44.824,-12.01494
44.832,-11.39146
44.840,-10.57028
44.848,-9.52076
44.856,-8.21766
44.864,-6.64436
44.872,-4.79586
44.880,-2.68097
44.888,-0.32366
44.896,2.23691
44.904,4.94754
44.912,7.74339
44.920,10.55133
44.928,13.29417
44.936,15.89519
44.944,18.28292
44.952,20.39556
44.960,22.18476
44.968,23.61848
44.976,24.68242
44.984,25.38016
44.992,25.73171
45.000,25.77079
45.008,25.54090
45.016,25.09069
45.024,24.46920
45.032,23.72126
45.040,22.88390
45.048,21.98379
45.056,21.03620
45.064,20.04538
45.072,19.00630
45.080,17.90745
45.088,16.73435
45.096,15.47340
45.104,14.11551
45.112,12.65918
45.120,11.11246
45.128,9.49378
45.136,7.83120
45.144,6.16049
45.152,4.52213
45.160,2.95776
45.168,1.50649
45.176,0.20160
45.184,-0.93219
45.192,-1.88056
45.200,-2.64053
45.208,-3.22039
45.216,-3.63880
45.224,-3.92309
45.232,-4.10703
45.240,-4.22813
45.248,-4.32477
45.256,-4.43337
45.264,-4.58577
45.272,-4.80713
45.280,-5.11447
45.288,-5.51598
45.296,-6.01106
45.304,-6.59113
45.312,-7.24096
45.320,-7.94050
45.328,-8.66678
45.336,-9.39586
45.344,-10.10468
45.352,-10.77257
45.360,-11.38245
45.368,-11.92167
45.376,-12.38247
45.384,-12.76205
45.392,-13.06224
45.400,-13.28891
45.408,-13.45102
45.416,-13.55950
45.424,-13.62608
45.432,-13.66208
45.440,-13.67741
45.448,-13.67997
45.456,-13.67539
45.464,-13.66723
45.472,-13.65747
45.480,-13.64723
45.488,-13.63748
45.496,-13.62952
45.504,-13.62525
45.512,-13.62685
45.520,-13.63614
45.528,-13.65351
45.536,-13.67662
45.544,-13.69911
45.552,-13.70950
45.560,-13.69045
45.568,-13.61869
45.576,-13.46553
45.584,-13.19803
45.592,-12.78086
45.600,-12.17846
45.608,-11.35765
45.616,-10.29029
45.624,-8.95594
45.632,-7.34416
45.640,-5.45634
45.648,-3.30688
45.656,-0.92347
45.664,1.65336
45.672,4.37168
45.680,7.17029
45.688,9.98159
45.696,12.73488
45.704,15.36005
45.712,17.79134
45.720,19.97099
45.728,21.85240
45.736,23.40258
45.744,24.60360
45.752,25.45289
45.760,25.96240
45.768,26.15666
45.776,26.06988
45.784,25.74254
45.792,25.21761
45.800,24.53701
45.808,23.73840
45.816,22.85270
45.824,21.90247
45.832,20.90124
45.840,19.85386
45.848,18.75776
45.856,17.60501
45.864,16.38494
45.872,15.08713
45.880,13.70436
45.888,12.23530
45.896,10.68653
45.904,9.07373
45.912,7.42172
45.920,5.76346
45.928,4.13777
45.936,2.58632
45.944,1.14985
45.952,-0.13562
45.960,-1.24243
45.968,-2.15406
45.976,-2.86688
45.984,-3.39054
45.992,-3.74699
46.000,-3.96834
46.008,-4.09374
46.016,-4.16577
46.024,-4.22672
46.032,-4.31512
46.040,-4.46304
46.048,-4.69408
46.056,-5.02233
46.064,-5.45224
46.072,-5.97921
46.080,-6.59091
46.088,-7.26903
46.096,-7.99128
46.104,-8.73347
46.112,-9.47152
46.120,-10.18307
46.128,-10.84895
46.136,-11.45404
46.144,-11.98783
46.152,-12.44454
46.160,-12.82285
46.168,-13.12535
46.176,-13.35777
46.184,-13.52814
46.192,-13.64583
46.200,-13.72070
46.208,-13.76241
46.216,-13.77978
46.224,-13.78043
46.232,-13.77057
46.240,-13.75508
46.248,-13.73765
46.256,-13.72109
46.264,-13.70768
46.272,-13.69938
46.280,-13.69792
46.288,-13.70462
46.296,-13.71976
46.304,-13.74178
46.312,-13.76616
46.320,-13.78446
46.328,-13.78344
46.336,-13.74460
46.344,-13.64419
46.352,-13.45382
46.360,-13.14159
46.368,-12.67376
46.376,-12.01683
46.384,-11.13997
46.392,-10.01757
46.400,-8.63173
46.408,-6.97443
46.416,-5.04927
46.424,-2.87248
46.432,-0.47319
46.440,2.10716
46.448,4.81617
46.456,7.59261
46.464,10.36924
46.472,13.07616
46.480,15.64467
46.488,18.01107
46.496,20.12038
46.504,21.92938
46.512,23.40873
46.520,24.54412
46.528,25.33619
46.536,25.79937
46.544,25.95971
46.552,25.85193
46.560,25.51596
46.568,24.99337
46.576,24.32391
46.584,23.54253
46.592,22.67724
46.600,21.74778
46.608,20.76538
46.616,19.73350
46.624,18.64930
46.632,17.50576
46.640,16.29414
46.648,15.00658
46.656,13.63857
46.664,12.19114
46.672,10.67244
46.680,9.09845
46.688,7.49274
46.696,5.88531
46.704,4.31044
46.712,2.80403
46.720,1.40046
46.728,0.12964
46.736,-0.98562
46.744,-1.93154
46.752,-2.70441
46.760,-3.31088
46.768,-3.76716
46.776,-4.09768
46.784,-4.33284
46.792,-4.50646
46.800,-4.65292
46.808,-4.80431
46.816,-4.98808
46.824,-5.22522
46.832,-5.52931
46.840,-5.90630
46.848,-6.35510
46.856,-6.86866
46.864,-7.43535
46.872,-8.04034
46.880,-8.66705
46.888,-9.29835
46.896,-9.91770
46.904,-10.51006
46.912,-11.06264
46.920,-11.56547
46.928,-12.01164
46.936,-12.39747
46.944,-12.72232
46.952,-12.98827
46.960,-13.19963
46.968,-13.36228
46.976,-13.48303
46.984,-13.56901
46.992,-13.62714
47.000,-13.66384
47.008,-13.68476
47.016,-13.69474
47.024,-13.69764
47.032,-13.69638
47.040,-13.69286
47.048,-13.68808
47.056,-13.68218
47.064,-13.67450
47.072,-13.66357
47.080,-13.64706
47.088,-13.62144
47.096,-13.58159
47.104,-13.52012
47.112,-13.42664
47.120,-13.28699
47.128,-13.08257
47.136,-12.79004
47.144,-12.38157
47.152,-11.82574
47.160,-11.08915
47.168,-10.13887
47.176,-8.94536
47.184,-7.48577
47.192,-5.74725
47.200,-3.72990
47.208,-1.44894
47.216,1.06422
47.224,3.76221
47.232,6.58343
47.240,9.45510
47.248,12.29751
47.256,15.02916
47.264,17.57204
47.272,19.85686
47.280,21.82743
47.288,23.44398
47.296,24.68518
47.304,25.54847
47.312,26.04898
47.320,26.21694
47.328,26.09407
47.336,25.72910
47.344,25.17312
47.352,24.47498
47.360,23.67729
47.368,22.81340
47.376,21.90550
47.384,20.96414
47.392,19.98904
47.400,18.97119
47.408,17.89585
47.416,16.74619
47.424,15.50696
47.432,14.16793
47.440,12.72666
47.448,11.19025
47.456,9.57594
47.464,7.91056
47.472,6.22876
47.480,4.57040
47.488,2.97728
47.496,1.48964
47.504,0.14280
47.512,-1.03581
47.520,-2.02885
47.528,-2.83041
47.536,-3.44633
47.544,-3.89350
47.552,-4.19830
47.560,-4.39425
47.568,-4.51922
47.576,-4.61233
47.584,-4.71088
47.592,-4.84756
47.600,-5.04813
47.608,-5.32990
47.616,-5.70108
47.624,-6.16091
47.632,-6.70074
47.640,-7.30570
47.648,-7.95674
47.656,-8.63290
47.664,-9.31330
47.672,-9.97883
47.680,-10.61324
47.688,-11.20376
47.696,-11.74115
47.704,-12.21955
47.712,-12.63602
47.720,-12.99021
47.728,-13.28383
47.736,-13.52027
47.744,-13.70413
47.752,-13.84088
47.760,-13.93646
47.768,-13.99710
47.776,-14.02904
47.784,-14.03848
47.792,-14.03146
47.800,-14.01379
47.808,-13.99101
47.816,-13.96822
47.824,-13.94994
47.832,-13.93978
47.840,-13.94012
47.848,-13.95171
47.856,-13.97316
47.864,-14.00051
47.872,-14.02671
47.880,-14.04121
47.888,-14.02958
47.896,-13.97334
47.904,-13.84984
47.912,-13.63252
47.920,-13.29140
47.928,-12.79411
47.936,-12.10735
47.944,-11.19893
47.952,-10.04029
47.960,-8.60930
47.968,-6.89322
47.976,-4.89137
47.984,-2.61726
47.992,-0.09971
48.000,2.61718
48.008,5.47536
48.016,8.40551
48.024,11.33067
48.032,14.17080
48.040,16.84764
48.048,19.28963
48.056,21.43643
48.064,23.24250
48.072,24.67954
48.080,25.73744
48.088,26.42378
48.096,26.76185
48.104,26.78754
48.112,26.54527
48.120,26.08353
48.128,25.45046
48.136,24.68984
48.144,23.83801
48.152,22.92173
48.160,21.95737
48.168,20.95108
48.176,19.90028
48.184,18.79584
48.192,17.62514
48.200,16.37527
48.208,15.03632
48.216,13.60428
48.224,12.08316
48.232,10.48609
48.240,8.83535
48.248,7.16110
48.256,5.49926
48.264,3.88855
48.272,2.36732
48.280,0.97021
48.288,-0.27472
48.296,-1.34823
48.304,-2.24137
48.312,-2.95592
48.320,-3.50400
48.328,-3.90685
48.336,-4.19296
48.344,-4.39577
48.352,-4.55106
48.360,-4.69431
48.368,-4.85826
48.376,-5.07069
48.384,-5.35266
48.392,-5.71733
48.400,-6.16935
48.408,-6.70494
48.416,-7.31274
48.424,-7.97530
48.432,-8.67100
48.440,-9.37634
48.448,-10.06803
48.456,-10.72496
48.464,-11.32960
48.472,-11.86895
48.480,-12.33485
48.488,-12.72385
48.496,-13.03673
48.504,-13.27761
48.512,-13.45306
48.520,-13.57115
48.528,-13.64056
48.536,-13.67001
48.544,-13.66785
48.552,-13.64186
48.560,-13.59915
48.568,-13.54610
48.576,-13.48825
48.584,-13.43011
48.592,-13.37504
48.600,-13.32516
48.608,-13.28133
48.616,-13.24329
48.624,-13.20982
48.632,-13.17887
48.640,-13.14765
48.648,-13.11242
48.656,-13.06809
48.664,-13.00775
48.672,-12.92196
48.680,-12.79826
48.688,-12.62072
48.696,-12.36993
48.704,-12.02321
48.712,-11.55527
48.720,-10.93921
48.728,-10.14785
48.736,-9.15520
48.744,-7.93830
48.752,-6.47902
48.760,-4.76625
48.768,-2.79804
48.776,-0.58366
48.784,1.85461
48.792,4.48063
48.800,7.24442
48.808,10.08366
48.816,12.92645
48.824,15.69535
48.832,18.31223
48.840,20.70340
48.848,22.80457
48.856,24.56513
48.864,25.95137
48.872,26.94812
48.880,27.55898
48.888,27.80479
48.896,27.72063
48.904,27.35181
48.912,26.74905
48.920,25.96357
48.928,25.04264
48.936,24.02592
48.944,22.94314
48.952,21.81321
48.960,20.64465
48.968,19.43731
48.976,18.18511
48.984,16.87918
48.992,15.51139
49.000,14.07741
49.008,12.57924
49.016,11.02664
49.024,9.43747
49.032,7.83683
49.040,6.25515
49.048,4.72553
49.056,3.28073
49.064,1.95025
49.072,0.75781
49.080,-0.28061
49.088,-1.15780
49.096,-1.87573
49.104,-2.44509
49.112,-2.88431
49.120,-3.21802
49.128,-3.47520
49.136,-3.68719
49.144,-3.88555
49.152,-4.10002
49.160,-4.35671
49.168,-4.67641
49.176,-5.07340
49.184,-5.55460
49.192,-6.11925
49.200,-6.75924
49.208,-7.45989
49.216,-8.20140
49.224,-8.96074
49.232,-9.71369
49.240,-10.43705
49.248,-11.11053
49.256,-11.71813
49.264,-12.24907
49.272,-12.69789
49.280,-13.06414
49.288,-13.35153
49.296,-13.56697
49.304,-13.71948
49.312,-13.81930
49.320,-13.87708
49.328,-13.90331
49.336,-13.90783
49.344,-13.89937
49.352,-13.88526
49.360,-13.87111
49.368,-13.86075
49.376,-13.85628
49.384,-13.85828
49.392,-13.86615
49.400,-13.87848
49.408,-13.89346
49.416,-13.90918
49.424,-13.92388
49.432,-13.93590
49.440,-13.94350
49.448,-13.94420
49.456,-13.93400
49.464,-13.90625
49.472,-13.85064
49.480,-13.75228
49.488,-13.59122
49.496,-13.34254
49.504,-12.97713
49.512,-12.46322
49.520,-11.76844
49.528,-10.86238
49.536,-9.71928
49.544,-8.32077
49.552,-6.65819
49.560,-4.73456
49.568,-2.56573
49.576,-0.18075
49.584,2.37869
49.592,5.05965
49.600,7.80027
49.608,10.53273
49.616,13.18689
49.624,15.69428
49.632,17.99211
49.640,20.02697
49.648,21.75780
49.656,23.15792
49.664,24.21585
49.672,24.93497
49.680,25.33198
49.688,25.43454
49.696,25.27821
49.704,24.90300
49.712,24.34998
49.720,23.65797
49.728,22.86080
49.736,21.98530
49.744,21.05013
49.752,20.06562
49.760,19.03457
49.768,17.95386
49.776,16.81679
49.784,15.61571
49.792,14.34481
49.800,13.00255
49.808,11.59358
49.816,10.12984
49.824,8.63074
49.832,7.12233
49.840,5.63558
49.848,4.20395
49.856,2.86058
49.864,1.63528
49.872,0.55195
49.880,-0.37356
49.888,-1.13480
49.896,-1.73520
49.904,-2.18765
49.912,-2.51336
49.920,-2.73992
49.928,-2.89899
49.936,-3.02373
49.944,-3.14632
49.952,-3.29563
49.960,-3.49536
49.968,-3.76279
49.976,-4.10797
49.984,-4.53372
49.992,-5.03608
50.000,-5.60528
50.008,-6.22714
50.016,-6.88451
50.024,-7.55882
50.032,-8.23156
50.040,-8.88542
50.048,-9.50535
50.056,-10.07913
50.064,-10.59780
50.072,-11.05572
50.080,-11.45043
50.088,-11.78237
50.096,-12.05440
50.104,-12.27122
50.112,-12.43863
50.120,-12.56290
50.128,-12.65012
50.136,-12.70591
50.144,-12.73522
50.152,-12.74250
50.160,-12.73187
50.168,-12.70743
50.176,-12.67350
50.184,-12.63460
50.192,-12.59540
50.200,-12.56038
50.208,-12.53344
50.216,-12.51744
50.224,-12.51373
50.232,-12.52161
50.240,-12.53787
50.248,-12.55630
50.256,-12.56723
50.264,-12.55733
50.272,-12.50947
50.280,-12.40298
50.288,-12.21409
50.296,-11.91673
50.304,-11.48355
50.312,-10.88721
50.320,-10.10183
50.328,-9.10465
50.336,-7.87773
50.344,-6.40971
50.352,-4.69749
50.360,-2.74769
50.368,-0.57788
50.376,1.78279
50.384,4.29365
50.392,6.90342
50.400,9.55206
50.408,12.17345
50.416,14.69896
50.424,17.06140
50.432,19.19918
50.440,21.06011
50.448,22.60455
50.456,23.80764
50.464,24.66029
50.472,25.16897
50.480,25.35420
50.488,25.24801
50.496,24.89070
50.504,24.32694
50.512,23.60189
50.520,22.75741
50.528,21.82893
50.536,20.84320
50.544,19.81704
50.552,18.75733
50.560,17.66225
50.568,16.52356
50.576,15.32975
50.584,14.06970
50.592,12.73629
50.600,11.32948
50.608,9.85830
50.616,8.34147
50.624,6.80654
50.632,5.28762
50.640,3.82221
50.648,2.44731
50.656,1.19568
50.664,0.09254
50.672,-0.84686
50.680,-1.61841
50.688,-2.22916
50.696,-2.69619
50.704,-3.04459
50.712,-3.30485
50.720,-3.50994
50.728,-3.69247
50.736,-3.88219
50.744,-4.10393
50.752,-4.37624
50.760,-4.71059
50.768,-5.11130
50.776,-5.57589
50.784,-6.09605
50.792,-6.65882
50.800,-7.24807
50.808,-7.84600
50.816,-8.43467
50.824,-8.99739
50.832,-9.51987
50.840,-9.99116
50.848,-10.40423
50.856,-10.75620
50.864,-11.04825
50.872,-11.28515
50.880,-11.47448
50.888,-11.62565
50.896,-11.74887
50.904,-11.85405
50.912,-11.94995
50.920,-12.04342
50.928,-12.13896
50.936,-12.23850
50.944,-12.34160
50.952,-12.44586
50.960,-12.54763
50.968,-12.64277
50.976,-12.72738
50.984,-12.79846
50.992,-12.85430
51.000,-12.89458
51.008,-12.92021
51.016,-12.93285
51.024,-12.93433
51.032,-12.92583
51.040,-12.90711
51.048,-12.87565
51.056,-12.82582
51.064,-12.74811
51.072,-12.62852
51.080,-12.44823
51.088,-12.18361
51.096,-11.80682
51.104,-11.28687
51.112,-10.59137
51.120,-9.68886
51.128,-8.55158
51.136,-7.15840
51.144,-5.49779
51.152,-3.57035
51.160,-1.39067
51.168,1.01177
51.176,3.59284
51.184,6.29537
51.192,9.05175
51.200,11.78763
51.208,14.42623
51.216,16.89289
51.224,19.11972
51.232,21.04966
51.240,22.63992
51.248,23.86425
51.256,24.71403
51.264,25.19793
51.272,25.34015
51.280,25.17758
51.288,24.75593
51.296,24.12551
51.304,23.33681
51.312,22.43655
51.320,21.46424
51.328,20.44987
51.336,19.41264
51.344,18.36094
51.352,17.29353
51.360,16.20177
51.368,15.07259
51.376,13.89204
51.384,12.64882
51.392,11.33742
51.400,9.96050
51.408,8.53006
51.416,7.06735
51.424,5.60140
51.432,4.16650
51.440,2.79894
51.448,1.53337
51.456,0.39948
51.464,-0.58075
51.472,-1.39483
51.480,-2.04051
51.488,-2.52546
51.496,-2.86634
51.504,-3.08709
51.512,-3.21700
51.520,-3.28854
51.528,-3.33512
51.536,-3.38898
51.544,-3.47922
51.552,-3.63011
51.560,-3.85971
51.568,-4.17902
51.576,-4.59166
51.584,-5.09406
51.592,-5.67627
51.600,-6.32307
51.608,-7.01541
51.616,-7.73196
51.624,-8.45074
51.632,-9.15065
51.640,-9.81292
51.648,-10.42231
51.656,-10.96794
51.664,-11.44380
51.672,-11.84870
51.680,-12.18582
51.688,-12.46170
51.696,-12.68495
51.704,-12.86480
51.712,-13.00972
51.720,-13.12644
51.728,-13.21944
51.736,-13.29100
51.744,-13.34173
51.752,-13.37140
51.760,-13.37981
51.768,-13.36753
51.776,-13.33640
51.784,-13.28971
51.792,-13.23198
51.800,-13.16850
51.808,-13.10464
51.816,-13.04507
51.824,-12.99292
51.832,-12.94886
51.840,-12.91027
51.848,-12.87029
51.856,-12.81710
51.864,-12.73334
51.872,-12.59592
51.880,-12.37643
51.888,-12.04212
51.896,-11.55760
51.904,-10.88719
51.912,-9.99769
51.920,-8.86138
51.928,-7.45901
51.936,-5.78229
51.944,-3.83587
51.952,-1.63838
51.960,0.77739
51.968,3.36535
51.976,6.06778
51.984,8.81805
51.992,11.54390
52.000,14.17140
52.008,16.62925
52.016,18.85313
52.024,20.78973
52.032,22.40002
52.040,23.66138
52.048,24.56835
52.056,25.13192
52.064,25.37735
52.072,25.34103
52.080,25.06643
52.088,24.59987
52.096,23.98630
52.104,23.26575
52.112,22.47053
52.120,21.62355
52.128,20.73778
52.136,19.81682
52.144,18.85645
52.152,17.84691
52.160,16.77573
52.168,15.63074
52.176,14.40296
52.184,13.08921
52.192,11.69392
52.200,10.23020
52.208,8.71971
52.216,7.19151
52.224,5.67991
52.232,4.22159
52.240,2.85239
52.248,1.60410
52.256,0.50161
52.264,-0.43913
52.272,-1.21234
52.280,-1.82250
52.288,-2.28361
52.296,-2.61760
52.304,-2.85220
52.312,-3.01858
52.320,-3.14885
52.328,-3.27383
52.336,-3.42098
52.344,-3.61285
52.352,-3.86587
52.360,-4.18965
52.368,-4.58678
52.376,-5.05313
52.384,-5.57856
52.392,-6.14822
52.400,-6.74412
52.408,-7.34695
52.416,-7.93799
52.424,-8.50084
52.432,-9.02268
52.440,-9.49504
52.448,-9.91392
52.456,-10.27929
52.464,-10.59428
52.472,-10.86412
52.480,-11.09513
52.488,-11.29381
52.496,-11.46614
52.504,-11.61703
52.512,-11.75007
52.520,-11.86736
52.528,-11.96969
52.536,-12.05674
52.544,-12.12755
52.552,-12.18103
52.560,-12.21647
52.568,-12.23403
52.576,-12.23499
52.584,-12.22184
52.592,-12.19814
52.600,-12.16805
52.608,-12.13564
52.616,-12.10396
52.624,-12.07414
52.632,-12.04450
52.640,-12.00985
52.648,-11.96117
52.656,-11.88542
52.664,-11.76563
52.672,-11.58135
52.680,-11.30937
52.688,-10.92472
52.696,-10.40222
52.704,-9.71815
52.712,-8.85227
52.720,-7.78975
52.728,-6.52301
52.736,-5.05322
52.744,-3.39117
52.752,-1.55770
52.760,0.41666
52.768,2.49267
52.776,4.62408
52.784,6.75986
52.792,8.84700
52.800,10.83355
52.808,12.67175
52.816,14.32089
52.824,15.74968
52.832,16.93781
52.840,17.87657
52.848,18.56843
52.856,19.02570
52.864,19.26850
52.872,19.32224
52.880,19.21489
52.888,18.97438
52.896,18.62625
52.904,18.19182
52.912,17.68694
52.920,17.12144
52.928,16.49918
52.936,15.81891
52.944,15.07553
52.952,14.26192
52.960,13.37092
52.968,12.39740
52.976,11.34020
52.984,10.20361
52.992,8.99837
53.000,7.74192
53.008,6.45791
53.016,5.17492
53.024,3.92450
53.032,2.73871
53.040,1.64751
53.048,0.67603
53.056,-0.15761
53.064,-0.84395
53.072,-1.38301
53.080,-1.78414
53.088,-2.06512
53.096,-2.25056
53.104,-2.36977
53.112,-2.45437
53.120,-2.53584
53.128,-2.64302
53.136,-2.80007
53.144,-3.02480
53.152,-3.32772
53.160,-3.71180
53.168,-4.17295
53.176,-4.70117
53.184,-5.28203
53.192,-5.89841
53.200,-6.53223
53.208,-7.16590
53.216,-7.78361
53.224,-8.37217
53.232,-8.92156
53.240,-9.42509
53.248,-9.87926
53.256,-10.28333
53.264,-10.63879
53.272,-10.94865
53.280,-11.21679
53.288,-11.44738
53.296,-11.64429
53.304,-11.81076
53.312,-11.94924
53.320,-12.06140
53.328,-12.14844
53.336,-12.21138
53.344,-12.25156
53.352,-12.27094
53.360,-12.27234
53.368,-12.25946
53.376,-12.23679
53.384,-12.20917
53.392,-12.18141
53.400,-12.15766
53.408,-12.14081
53.416,-12.13181
53.424,-12.12903
53.432,-12.12759
53.440,-12.11885
53.448,-12.08996
53.456,-12.02366
53.464,-11.89836
53.472,-11.68845
53.480,-11.36519
53.488,-10.89783
53.496,-10.25528
53.504,-9.40811
53.512,-8.33080
53.520,-7.00406
53.528,-5.41711
53.536,-3.56954
53.544,-1.47276
53.552,0.84933
53.560,3.36029
53.568,6.01197
53.576,8.74614
53.584,11.49697
53.592,14.19413
53.600,16.76656
53.608,19.14658
53.616,21.27407
53.624,23.10024
53.632,24.59074
53.640,25.72754
53.648,26.50938
53.656,26.95085
53.664,27.08002
53.672,26.93497
53.680,26.55979
53.688,26.00028
53.696,25.30002
53.704,24.49720
53.712,23.62220
53.720,22.69646
53.728,21.73215
53.736,20.73294
53.744,19.69551
53.752,18.61166
53.760,17.47081
53.768,16.26273
53.776,14.98002
53.784,13.62037
53.792,12.18818
53.800,10.69545
53.808,9.16191
53.816,7.61410
53.824,6.08367
53.832,4.60496
53.840,3.21208
53.848,1.93581
53.856,0.80075
53.864,-0.17700
53.872,-0.99137
53.880,-1.64674
53.888,-2.15734
53.896,-2.54561
53.904,-2.83991
53.912,-3.07169
53.920,-3.27270
53.928,-3.47230
53.936,-3.69533
53.944,-3.96063
53.952,-4.28031
53.960,-4.65976
53.968,-5.09824
53.976,-5.58995
53.984,-6.12538
53.992,-6.69266
54.000,-7.27892
54.008,-7.87147
54.016,-8.45876
54.024,-9.03107
54.032,-9.58097
54.040,-10.10344
54.048,-10.59574
54.056,-11.05699
54.064,-11.48770
54.072,-11.88923
54.080,-12.26340
54.088,-12.61216
54.096,-12.93741
54.104,-13.24088
54.112,-13.52400
54.120,-13.78775
54.128,-14.03248
54.136,-14.25771
54.144,-14.46212
54.152,-14.64352
54.160,-14.79917
54.168,-14.92633
54.176,-15.02284
54.184,-15.08783
54.192,-15.12213
54.200,-15.12843
54.208,-15.11100
54.216,-15.07493
54.224,-15.02511
54.232,-14.96489
54.240,-14.89481
54.248,-14.81142
54.256,-14.70656
54.264,-14.56686
54.272,-14.37391
54.280,-14.10474
54.288,-13.73286
54.296,-13.22957
54.304,-12.56576
54.312,-11.71384
54.320,-10.64989
54.328,-9.35585
54.336,-7.82148
54.344,-6.04611
54.352,-4.03981
54.360,-1.82406
54.368,0.56831
54.376,3.09394
54.384,5.70051
54.392,8.32894
54.400,10.91619
54.408,13.39842
54.416,15.71440
54.424,17.80884
54.432,19.63552
54.440,21.15992
54.448,22.36093
54.456,23.23173
54.464,23.77950
54.472,24.02406
54.480,23.99560
54.488,23.73158
54.496,23.27332
54.504,22.66248
54.512,21.93775
54.520,21.13212
54.528,20.27093
54.536,19.37083
54.544,18.43980
54.552,17.47813
54.560,16.48032
54.568,15.43756
54.576,14.34057
54.584,13.18231
54.592,11.96039
54.600,10.67873
54.608,9.34839
54.616,7.98746
54.624,6.62003
54.632,5.27432
54.640,3.98031
54.648,2.76699
54.656,1.65980
54.664,0.67827
54.672,-0.16562
54.680,-0.86841
54.688,-1.43532
54.696,-1.87970
54.704,-2.22165
54.712,-2.48629
54.720,-2.70156
54.728,-2.89597
54.736,-3.09648
54.744,-3.32669
54.752,-3.60537
54.760,-3.94544
54.768,-4.35334
54.776,-4.82889
54.784,-5.36566
54.792,-5.95174
54.800,-6.57093
54.808,-7.20436
54.816,-7.83217
54.824,-8.43526
54.832,-8.99697
54.840,-9.50429
54.848,-9.94872
54.856,-10.32648
54.864,-10.63830
54.872,-10.88872
54.880,-11.08517
54.888,-11.23686
54.896,-11.35376
54.904,-11.44563
54.912,-11.52116
54.920,-11.58743
54.928,-11.64945
54.936,-11.71005
54.944,-11.76996
54.952,-11.82816
54.960,-11.88244
54.968,-11.93005
54.976,-11.96834
54.984,-11.99533
54.992,-12.01013
55.000,-12.01314
55.008,-12.00598
55.016,-11.99120
55.024,-11.97182
55.032,-11.95074
55.040,-11.93006
55.048,-11.91033
55.056,-11.88983
55.064,-11.86370
55.072,-11.82323
55.080,-11.75521
55.088,-11.64164
55.096,-11.45981
55.104,-11.18285
55.112,-10.78083
55.120,-10.22228
55.128,-9.47625
55.136,-8.51457
55.144,-7.31430
55.152,-5.86019
55.160,-4.14697
55.168,-2.18128
55.176,0.01694
55.184,2.41381
55.192,4.96194
55.200,7.60185
55.208,10.26468
55.216,12.87588
55.224,15.35980
55.232,17.64462
55.240,19.66724
55.248,21.37768
55.256,22.74226
55.264,23.74560
55.272,24.39076
55.280,24.69786
55.288,24.70116
55.296,24.44506
55.304,23.97941
55.312,23.35468
55.320,22.61742
55.328,21.80661
55.336,20.95116
55.344,20.06883
55.352,19.16661
55.360,18.24226
55.368,17.28686
55.376,16.28786
55.384,15.23232
55.392,14.10996
55.400,12.91571
55.408,11.65143
55.416,10.32671
55.424,8.95869
55.432,7.57087
55.440,6.19134
55.448,4.85039
55.456,3.57799
55.464,2.40136
55.472,1.34274
55.480,0.41767
55.488,-0.36608
55.496,-1.00900
55.504,-1.51966
55.512,-1.91379
55.520,-2.21300
55.528,-2.44304
55.536,-2.63191
55.544,-2.80786
55.552,-2.99734
55.560,-3.22326
55.568,-3.50350
55.576,-3.84987
55.584,-4.26762
55.592,-4.75550
55.600,-5.30627
55.608,-5.90759
55.616,-6.54324
55.624,-7.19462
55.632,-7.84227
55.640,-8.46741
55.648,-9.05342
55.656,-9.58690
55.664,-10.05846
55.672,-10.46298
55.680,-10.79941
55.688,-11.07034
55.696,-11.28123
55.704,-11.43962
55.712,-11.55426
55.720,-11.63441
55.728,-11.68924
55.736,-11.72737
55.744,-11.75663
55.752,-11.78386
55.760,-11.81489
55.768,-11.85447
55.776,-11.90625
55.784,-11.97280
55.792,-12.05557
55.800,-12.15498
55.808,-12.27047
55.816,-12.40067
55.824,-12.54346
55.832,-12.69599
55.840,-12.85447
55.848,-13.01374
55.856,-13.16675
55.864,-13.30384
55.872,-13.41222
55.880,-13.47549
55.888,-13.47351
55.896,-13.38262
55.904,-13.17621
55.912,-12.82575
55.920,-12.30211
55.928,-11.57740
55.936,-10.62697
55.944,-9.43175
55.952,-7.98046
55.960,-6.27161
55.968,-4.31494
55.976,-2.13214
55.984,0.24319
55.992,2.76641
56.000,5.38344
56.008,8.03314
56.016,10.65020
56.024,13.16852
56.032,15.52491
56.040,17.66281
56.048,19.53572
56.056,21.11007
56.064,22.36709
56.072,23.30330
56.080,23.92960
56.088,24.26908
56.096,24.35375
56.104,24.22071
56.112,23.90819
56.120,23.45197
56.128,22.88259
56.136,22.22349
56.144,21.49037
56.152,20.69154
56.160,19.82905
56.168,18.90051
56.176,17.90104
56.184,16.82540
56.192,15.66991
56.200,14.43405
56.208,13.12174
56.216,11.74212
56.224,10.30987
56.232,8.84500
56.240,7.37205
56.248,5.91883
56.256,4.51462
56.264,3.18817
56.272,1.96533
56.280,0.86695
56.288,-0.09298
56.296,-0.90863
56.304,-1.58270
56.312,-2.12606
56.320,-2.55659
56.328,-2.89744
56.336,-3.17498
56.344,-3.41666
56.352,-3.64899
56.360,-3.89571
56.368,-4.17622
56.376,-4.50450
56.384,-4.88841
56.392,-5.32951
56.400,-5.82339
56.408,-6.36055
56.416,-6.92768
56.424,-7.50917
56.432,-8.08883
56.440,-8.65139
56.448,-9.18389
56.456,-9.67663
56.464,-10.12364
56.472,-10.52275
56.480,-10.87508
56.488,-11.18423
56.496,-11.45520
56.504,-11.69341
56.512,-11.90378
56.520,-12.09027
56.528,-12.25558
56.536,-12.40125
56.544,-12.52787
56.552,-12.63541
56.560,-12.72352
56.568,-12.79192
56.576,-12.84058
56.584,-12.87005
56.592,-12.88157
56.600,-12.87721
56.608,-12.85991
56.616,-12.83333
56.624,-12.80157
56.632,-12.76875
56.640,-12.73862
56.648,-12.71396
56.656,-12.69606
56.664,-12.68411
56.672,-12.67455
56.680,-12.66046
56.688,-12.63089
56.696,-12.57041
56.704,-12.45887
56.712,-12.27154
56.720,-11.97973
56.728,-11.55210
56.736,-10.95639
56.744,-10.16171
56.752,-9.14118
56.760,-7.87453
56.768,-6.35070
56.776,-4.56995
56.784,-2.54537
56.792,-0.30351
56.800,2.11590
56.808,4.66131
56.816,7.27174
56.824,9.87994
56.832,12.41615
56.840,14.81231
56.848,17.00618
56.856,18.94534
56.864,20.59039
56.872,21.91719
56.880,22.91773
56.888,23.59969
56.896,23.98457
56.904,24.10475
56.912,23.99967
56.920,23.71177
56.928,23.28243
56.936,22.74847
56.944,22.13944
56.952,21.47604
56.960,20.76945
56.968,20.02198
56.976,19.22843
56.984,18.37834
56.992,17.45860
57.000,16.45635
57.008,15.36170
57.016,14.17010
57.024,12.88413
57.032,11.51446
57.040,10.07983
57.048,8.60611
57.056,7.12448
57.064,5.66897
57.072,4.27366
57.080,2.96985
57.088,1.78359
57.096,0.73384
57.104,-0.16877
57.112,-0.92231
57.120,-1.53325
57.128,-2.01568
57.136,-2.38994
57.144,-2.68107
57.152,-2.91693
57.160,-3.12628
57.168,-3.33680
57.176,-3.57326
57.184,-3.85585
57.192,-4.19892
57.200,-4.61012
57.208,-5.09013
57.216,-5.63295
57.224,-6.22674
57.232,-6.85514
57.240,-7.49894
57.248,-8.13791
57.256,-8.75259
57.264,-9.32595
57.272,-9.84460
57.280,-10.29965
57.288,-10.68710
57.296,-11.00769
57.304,-11.26636
57.312,-11.47122
57.320,-11.63239
57.328,-11.76065
57.336,-11.86626
57.344,-11.95799
57.352,-12.04248
57.360,-12.12395
57.368,-12.20429
57.376,-12.28335
57.384,-12.35949
57.392,-12.43018
57.400,-12.49259
57.408,-12.54415
57.416,-12.58304
57.424,-12.60850
57.432,-12.62109
57.440,-12.62271
57.448,-12.61634
57.456,-12.60560
57.464,-12.59388
57.472,-12.58347
57.480,-12.57446
57.488,-12.56375
57.496,-12.54426
57.504,-12.50430
57.512,-12.42736
57.520,-12.29224
57.528,-12.07369
57.536,-11.74340
57.544,-11.27153
57.552,-10.62853
57.560,-9.78714
57.568,-8.72455
57.576,-7.42440
57.584,-5.87875
57.592,-4.08973
57.600,-2.07074
57.608,0.15280
57.616,2.54358
57.624,5.05330
57.632,7.62461
57.640,10.19379
57.648,12.69432
57.656,15.06076
57.664,17.23282
57.672,19.15911
57.680,20.80018
57.688,22.13083
57.696,23.14117
57.704,23.83653
57.712,24.23602
57.720,24.36997
57.728,24.27638
57.736,23.99678
57.744,23.57203
57.752,23.03851
57.760,22.42509
57.768,21.75129
57.776,21.02672
57.784,20.25186
57.792,19.41989
57.800,18.51937
57.808,17.53741
57.816,16.46280
57.824,15.28878
57.832,14.01519
57.840,12.64962
57.848,11.20762
57.856,9.71190
57.864,8.19080
57.872,6.67606
57.880,5.20042
57.888,3.79512
57.896,2.48771
57.904,1.30035
57.912,0.24860
57.920,-0.65912
57.928,-1.42169
57.936,-2.04493
57.944,-2.54096
57.952,-2.92729
57.960,-3.22574
57.968,-3.46112
57.976,-3.65984
57.984,-3.84831
57.992,-4.05137
58.000,-4.29072
58.008,-4.58358
58.016,-4.94157
58.024,-5.37006
58.032,-5.86796
58.040,-6.42808
58.048,-7.03793
58.056,-7.68092
58.064,-8.33780
58.072,-8.98825
58.080,-9.61247
58.088,-10.19265
58.096,-10.71419
58.104,-11.16665
58.112,-11.54425
58.120,-11.84594
58.128,-12.07518
58.136,-12.23926
58.144,-12.34849
58.152,-12.41520
58.160,-12.45267
58.168,-12.47411
58.176,-12.49160
58.184,-12.51526
58.192,-12.55250
58.200,-12.60747
58.208,-12.68090
58.216,-12.77024
58.224,-12.87019
58.232,-12.97355
58.240,-13.07232
58.248,-13.15879
58.256,-13.22659
58.264,-13.27144
58.272,-13.29153
58.280,-13.28749
58.288,-13.26197
58.296,-13.21879
58.304,-13.16167
58.312,-13.09283
58.320,-13.01140
58.328,-12.91205
58.336,-12.78388
58.344,-12.60994
58.352,-12.36740
58.360,-12.02840
58.368,-11.56162
58.376,-10.93437
58.384,-10.11514
58.392,-9.07635
58.400,-7.79715
58.408,-6.26591
58.416,-4.48234
58.424,-2.45882
58.432,-0.22092
58.440,2.19305
58.448,4.73356
58.456,7.34227
58.464,9.95524
58.472,12.50672
58.480,14.93301
58.488,17.17632
58.496,19.18798
58.504,20.93089
58.512,22.38097
58.520,23.52756
58.528,24.37282
58.536,24.93032
58.544,25.22288
58.552,25.28004
58.560,25.13521
58.568,24.82284
58.576,24.37587
58.584,23.82342
58.592,23.18922
58.600,22.49051
58.608,21.73770
58.616,20.93468
58.624,20.07973
58.632,19.16697
58.640,18.18811
58.648,17.13459
58.656,15.99964
58.664,14.78031
58.672,13.47916
58.680,12.10531
58.688,10.67485
58.696,9.21041
58.704,7.73998
58.712,6.29496
58.720,4.90781
58.728,3.60936
58.736,2.42622
58.744,1.37854
58.752,0.47821
58.760,-0.27213
58.768,-0.87930
58.776,-1.35886
58.784,-1.73359
58.792,-2.03120
58.800,-2.28179
58.808,-2.51509
58.816,-2.75811
58.824,-3.03317
58.832,-3.35670
58.840,-3.73863
58.848,-4.18249
58.856,-4.68590
58.864,-5.24150
58.872,-5.83793
58.880,-6.46097
58.888,-7.09459
58.896,-7.72210
58.904,-8.32724
58.912,-8.89521
58.920,-9.41370
58.928,-9.87371
58.936,-10.27012
58.944,-10.60191
58.952,-10.87209
58.960,-11.08716
58.968,-11.25631
58.976,-11.39031
58.984,-11.50037
58.992,-11.59695
59.000,-11.68880
59.008,-11.78229
59.016,-11.88110
59.024,-11.98625
59.032,-12.09646
59.040,-12.20873
59.048,-12.31904
59.056,-12.42315
59.064,-12.51727
59.072,-12.59867
59.080,-12.66599
59.088,-12.71938
59.096,-12.76034
59.104,-12.79148
59.112,-12.81608
59.120,-12.83754
59.128,-12.85881
59.136,-12.88173
59.144,-12.90620
59.152,-12.92947
59.160,-12.94538
59.168,-12.94384
59.176,-12.91046
59.184,-12.82663
59.192,-12.66983
59.200,-12.41434
59.208,-12.03227
59.216,-11.49493
59.224,-10.77448
59.232,-9.84588
59.240,-8.68890
59.248,-7.29024
59.256,-5.64555
59.264,-3.76109
59.272,-1.65497
59.280,0.64230
59.288,3.08817
59.296,5.62936
59.304,8.20421
59.312,10.74583
59.320,13.18609
59.328,15.45987
59.336,17.50935
59.344,19.28769
59.352,20.76193
59.360,21.91459
59.368,22.74399
59.376,23.26319
59.384,23.49773
59.392,23.48245
59.400,23.25777
59.408,22.86581
59.416,22.34673
59.424,21.73562
59.432,21.06018
59.440,20.33933
59.448,19.58292
59.456,18.79242
59.464,17.96252
59.472,17.08344
59.480,16.14363
59.488,15.13264
59.496,14.04362
59.504,12.87538
59.512,11.63355
59.520,10.33095
59.528,8.98713
59.536,7.62705
59.544,6.27937
59.552,4.97424
59.560,3.74096
59.568,2.60575
59.576,1.58974
59.584,0.70739
59.592,-0.03460
59.600,-0.63767
59.608,-1.11126
59.616,-1.47197
59.624,-1.74227
59.632,-1.94878
59.640,-2.12025
59.648,-2.28546
59.656,-2.47105
59.664,-2.69973
59.672,-2.98875
59.680,-3.34899
59.688,-3.78443
59.696,-4.29230
59.704,-4.86371
59.712,-5.48474
59.720,-6.13796
59.728,-6.80417
59.736,-7.46423
59.744,-8.10074
59.752,-8.69945
59.760,-9.25012
59.768,-9.74692
59.776,-10.18814
59.784,-10.57553
59.792,-10.91333
59.800,-11.20725
59.808,-11.46358
59.816,-11.68838
59.824,-11.88692
59.832,-12.06339
59.840,-12.22065
59.848,-12.36033
59.856,-12.48289
59.864,-12.58796
59.872,-12.67467
59.880,-12.74200
59.888,-12.78918
59.896,-12.81596
59.904,-12.82288
59.912,-12.81137
59.920,-12.78388
59.928,-12.74377
59.936,-12.69509
59.944,-12.64223
59.952,-12.58938
59.960,-12.53996
59.968,-12.49608
59.976,-12.45809
59.984,-12.42433
59.992,-12.39085
